{"build":20,"file_version":4,"master_amp_percent":90,"solo_voice":-1,"solo_track":-1,"track_height":32,"arp":10,"track_highlight_interval":4,"active_tempo_column":0,"nodes":[{"p":0,"c":0,"r":0,"n":36,"t":1,"i":0,"e":45,"f":-1,"g":45,"h":-1,"j":45,"k":-1},{"p":0,"c":0,"r":2,"n":43,"t":1,"i":0,"e":45,"f":-1,"g":45,"h":-1,"j":45,"k":-1},{"p":0,"c":0,"r":4,"n":48,"t":1,"i":0,"e":45,"f":-1,"g":45,"h":-1,"j":45,"k":-1},{"p":0,"c":0,"r":6,"n":50,"t":1,"i":0,"e":45,"f":-1,"g":45,"h":-1,"j":45,"k":-1},{"p":0,"c":0,"r":8,"n":36,"t":1,"i":0,"e":45,"f":-1,"g":45,"h":-1,"j":45,"k":-1},{"p":0,"c":0,"r":10,"n":52,"t":1,"i":0,"e":45,"f":-1,"g":45,"h":-1,"j":45,"k":-1},{"p":0,"c":0,"r":12,"n":48,"t":1,"i":0,"e":45,"f":-1,"g":45,"h":-1,"j":45,"k":-1},{"p":0,"c":0,"r":14,"n":36,"t":1,"i":0,"e":45,"f":-1,"g":45,"h":-1,"j":45,"k":-1},{"p":0,"c":0,"r":16,"n":29,"t":1,"i":0,"e":45,"f":-1,"g":45,"h":-1,"j":45,"k":-1},{"p":0,"c":0,"r":18,"n":41,"t":1,"i":0,"e":45,"f":-1,"g":45,"h":-1,"j":45,"k":-1},{"p":0,"c":0,"r":20,"n":48,"t":1,"i":0,"e":45,"f":-1,"g":45,"h":-1,"j":45,"k":-1},{"p":0,"c":0,"r":22,"n":50,"t":1,"i":0,"e":45,"f":-1,"g":45,"h":-1,"j":45,"k":-1},{"p":0,"c":0,"r":24,"n":29,"t":1,"i":0,"e":45,"f":-1,"g":45,"h":-1,"j":45,"k":-1},{"p":0,"c":0,"r":26,"n":52,"t":1,"i":0,"e":45,"f":-1,"g":45,"h":-1,"j":45,"k":-1},{"p":0,"c":0,"r":28,"n":48,"t":1,"i":0,"e":45,"f":-1,"g":45,"h":-1,"j":45,"k":-1},{"p":0,"c":0,"r":30,"n":43,"t":1,"i":0,"e":45,"f":-1,"g":45,"h":-1,"j":45,"k":-1},{"p":0,"c":1,"r":0,"n":0,"t":0,"i":0,"e":51,"f":3,"g":45,"h":-1,"j":45,"k":-1},{"p":1,"c":0,"r":0,"n":48,"t":1,"i":0,"e":65,"f":10,"g":53,"h":5,"j":53,"k":5},{"p":1,"c":0,"r":2,"n":55,"t":1,"i":0,"e":65,"f":10,"g":53,"h":5,"j":53,"k":5},{"p":1,"c":0,"r":4,"n":60,"t":1,"i":0,"e":65,"f":10,"g":53,"h":5,"j":53,"k":5},{"p":1,"c":0,"r":6,"n":62,"t":1,"i":0,"e":65,"f":10,"g":53,"h":5,"j":53,"k":5},{"p":1,"c":0,"r":8,"n":48,"t":1,"i":0,"e":65,"f":10,"g":53,"h":5,"j":53,"k":5},{"p":1,"c":0,"r":10,"n":64,"t":1,"i":0,"e":65,"f":10,"g":53,"h":5,"j":53,"k":5},{"p":1,"c":0,"r":12,"n":60,"t":1,"i":0,"e":65,"f":10,"g":53,"h":5,"j":53,"k":5},{"p":1,"c":0,"r":14,"n":48,"t":1,"i":0,"e":65,"f":10,"g":53,"h":5,"j":53,"k":5},{"p":1,"c":0,"r":16,"n":41,"t":1,"i":0,"e":65,"f":10,"g":53,"h":5,"j":53,"k":5},{"p":1,"c":0,"r":18,"n":53,"t":1,"i":0,"e":65,"f":10,"g":53,"h":5,"j":53,"k":5},{"p":1,"c":0,"r":20,"n":60,"t":1,"i":0,"e":65,"f":10,"g":53,"h":5,"j":53,"k":5},{"p":1,"c":0,"r":22,"n":62,"t":1,"i":0,"e":65,"f":10,"g":53,"h":5,"j":53,"k":5},{"p":1,"c":0,"r":24,"n":41,"t":1,"i":0,"e":65,"f":10,"g":53,"h":5,"j":53,"k":5},{"p":1,"c":0,"r":26,"n":64,"t":1,"i":0,"e":65,"f":10,"g":53,"h":5,"j":53,"k":5},{"p":1,"c":0,"r":28,"n":60,"t":1,"i":0,"e":65,"f":10,"g":53,"h":5,"j":53,"k":5},{"p":1,"c":0,"r":30,"n":55,"t":1,"i":0,"e":65,"f":10,"g":53,"h":5,"j":53,"k":5},{"p":1,"c":1,"r":0,"n":55,"t":1,"i":8,"e":51,"f":3,"g":45,"h":-1,"j":45,"k":-1},{"p":1,"c":1,"r":4,"n":54,"t":0,"i":0,"e":52,"f":4,"g":51,"h":3,"j":51,"k":3},{"p":1,"c":1,"r":11,"n":0,"t":0,"i":0,"e":52,"f":4,"g":45,"h":-1,"j":45,"k":-1},{"p":1,"c":1,"r":12,"n":53,"t":1,"i":8,"e":45,"f":-1,"g":45,"h":-1,"j":45,"k":-1},{"p":1,"c":1,"r":14,"n":52,"t":1,"i":8,"e":45,"f":-1,"g":45,"h":-1,"j":45,"k":-1},{"p":1,"c":1,"r":18,"n":48,"t":1,"i":8,"e":51,"f":3,"g":45,"h":-1,"j":45,"k":-1},{"p":1,"c":1,"r":20,"n":0,"t":0,"i":0,"e":52,"f":4,"g":51,"h":3,"j":51,"k":3},{"p":1,"c":1,"r":23,"n":0,"t":0,"i":0,"e":52,"f":4,"g":45,"h":-1,"j":45,"k":-1},{"p":1,"c":1,"r":24,"n":48,"t":1,"i":8,"e":45,"f":-1,"g":45,"h":-1,"j":45,"k":-1},{"p":1,"c":1,"r":26,"n":50,"t":1,"i":8,"e":45,"f":-1,"g":45,"h":-1,"j":45,"k":-1},{"p":1,"c":1,"r":28,"n":0,"t":0,"i":0,"e":52,"f":4,"g":50,"h":2,"j":50,"k":2},{"p":1,"c":2,"r":0,"n":24,"t":1,"i":4,"e":45,"f":-1,"g":45,"h":-1,"j":45,"k":-1},{"p":1,"c":2,"r":2,"n":24,"t":1,"i":4,"e":45,"f":-1,"g":45,"h":-1,"j":45,"k":-1},{"p":1,"c":2,"r":4,"n":36,"t":1,"i":4,"e":45,"f":-1,"g":45,"h":-1,"j":45,"k":-1},{"p":1,"c":2,"r":6,"n":24,"t":1,"i":4,"e":45,"f":-1,"g":45,"h":-1,"j":45,"k":-1},{"p":1,"c":2,"r":8,"n":24,"t":1,"i":4,"e":45,"f":-1,"g":45,"h":-1,"j":45,"k":-1},{"p":1,"c":2,"r":10,"n":24,"t":1,"i":4,"e":45,"f":-1,"g":45,"h":-1,"j":45,"k":-1},{"p":1,"c":2,"r":12,"n":36,"t":1,"i":4,"e":45,"f":-1,"g":45,"h":-1,"j":45,"k":-1},{"p":1,"c":2,"r":14,"n":24,"t":1,"i":4,"e":45,"f":-1,"g":45,"h":-1,"j":45,"k":-1},{"p":1,"c":2,"r":16,"n":29,"t":1,"i":4,"e":45,"f":-1,"g":45,"h":-1,"j":45,"k":-1},{"p":1,"c":2,"r":18,"n":29,"t":1,"i":4,"e":45,"f":-1,"g":45,"h":-1,"j":45,"k":-1},{"p":1,"c":2,"r":20,"n":41,"t":1,"i":4,"e":45,"f":-1,"g":45,"h":-1,"j":45,"k":-1},{"p":1,"c":2,"r":22,"n":29,"t":1,"i":4,"e":45,"f":-1,"g":45,"h":-1,"j":45,"k":-1},{"p":1,"c":2,"r":24,"n":29,"t":1,"i":4,"e":45,"f":-1,"g":45,"h":-1,"j":45,"k":-1},{"p":1,"c":2,"r":26,"n":29,"t":1,"i":4,"e":45,"f":-1,"g":45,"h":-1,"j":45,"k":-1},{"p":1,"c":2,"r":28,"n":41,"t":1,"i":4,"e":45,"f":-1,"g":45,"h":-1,"j":45,"k":-1},{"p":1,"c":2,"r":30,"n":29,"t":1,"i":4,"e":45,"f":-1,"g":45,"h":-1,"j":45,"k":-1},{"p":1,"c":3,"r":0,"n":24,"t":1,"i":1,"e":45,"f":-1,"g":45,"h":-1,"j":45,"k":-1},{"p":1,"c":3,"r":4,"n":24,"t":1,"i":1,"e":45,"f":-1,"g":45,"h":-1,"j":45,"k":-1},{"p":1,"c":3,"r":8,"n":24,"t":1,"i":1,"e":45,"f":-1,"g":45,"h":-1,"j":45,"k":-1},{"p":1,"c":3,"r":12,"n":24,"t":1,"i":1,"e":45,"f":-1,"g":45,"h":-1,"j":45,"k":-1},{"p":1,"c":3,"r":16,"n":24,"t":1,"i":1,"e":45,"f":-1,"g":45,"h":-1,"j":45,"k":-1},{"p":1,"c":3,"r":20,"n":24,"t":1,"i":1,"e":45,"f":-1,"g":45,"h":-1,"j":45,"k":-1},{"p":1,"c":3,"r":24,"n":24,"t":1,"i":1,"e":45,"f":-1,"g":45,"h":-1,"j":45,"k":-1},{"p":1,"c":3,"r":28,"n":24,"t":1,"i":1,"e":45,"f":-1,"g":45,"h":-1,"j":45,"k":-1},{"p":1,"c":4,"r":0,"n":28,"t":1,"i":2,"e":45,"f":-1,"g":45,"h":-1,"j":45,"k":-1},{"p":1,"c":4,"r":4,"n":28,"t":1,"i":2,"e":45,"f":-1,"g":45,"h":-1,"j":45,"k":-1},{"p":1,"c":4,"r":8,"n":28,"t":1,"i":2,"e":45,"f":-1,"g":45,"h":-1,"j":45,"k":-1},{"p":1,"c":4,"r":12,"n":28,"t":1,"i":2,"e":45,"f":-1,"g":45,"h":-1,"j":45,"k":-1},{"p":1,"c":4,"r":16,"n":28,"t":1,"i":2,"e":45,"f":-1,"g":45,"h":-1,"j":45,"k":-1},{"p":1,"c":4,"r":20,"n":28,"t":1,"i":2,"e":45,"f":-1,"g":45,"h":-1,"j":45,"k":-1},{"p":1,"c":4,"r":24,"n":28,"t":1,"i":2,"e":45,"f":-1,"g":45,"h":-1,"j":45,"k":-1},{"p":1,"c":4,"r":28,"n":28,"t":1,"i":2,"e":45,"f":-1,"g":45,"h":-1,"j":45,"k":-1},{"p":1,"c":4,"r":30,"n":31,"t":1,"i":3,"e":45,"f":-1,"g":45,"h":-1,"j":45,"k":-1},{"p":1,"c":5,"r":4,"n":26,"t":1,"i":5,"e":45,"f":-1,"g":45,"h":-1,"j":45,"k":-1},{"p":1,"c":5,"r":12,"n":26,"t":1,"i":5,"e":45,"f":-1,"g":45,"h":-1,"j":45,"k":-1},{"p":1,"c":5,"r":20,"n":26,"t":1,"i":5,"e":45,"f":-1,"g":45,"h":-1,"j":45,"k":-1},{"p":1,"c":5,"r":28,"n":26,"t":1,"i":5,"e":45,"f":-1,"g":45,"h":-1,"j":45,"k":-1},{"p":2,"c":0,"r":0,"n":36,"t":1,"i":0,"e":65,"f":10,"g":51,"h":3,"j":51,"k":3},{"p":2,"c":0,"r":2,"n":43,"t":1,"i":0,"e":65,"f":10,"g":51,"h":3,"j":51,"k":3},{"p":2,"c":0,"r":4,"n":48,"t":1,"i":0,"e":65,"f":10,"g":53,"h":5,"j":53,"k":5},{"p":2,"c":0,"r":6,"n":50,"t":1,"i":0,"e":65,"f":10,"g":53,"h":5,"j":53,"k":5},{"p":2,"c":0,"r":8,"n":36,"t":1,"i":0,"e":65,"f":10,"g":54,"h":6,"j":54,"k":6},{"p":2,"c":0,"r":10,"n":52,"t":1,"i":0,"e":65,"f":10,"g":54,"h":6,"j":54,"k":6},{"p":2,"c":0,"r":12,"n":48,"t":1,"i":0,"e":65,"f":10,"g":55,"h":7,"j":55,"k":7},{"p":2,"c":0,"r":14,"n":36,"t":1,"i":0,"e":65,"f":10,"g":55,"h":7,"j":55,"k":7},{"p":2,"c":0,"r":16,"n":29,"t":1,"i":0,"e":65,"f":10,"g":56,"h":8,"j":56,"k":8},{"p":2,"c":0,"r":18,"n":41,"t":1,"i":0,"e":65,"f":10,"g":56,"h":8,"j":56,"k":8},{"p":2,"c":0,"r":20,"n":48,"t":1,"i":0,"e":65,"f":10,"g":57,"h":9,"j":57,"k":9},{"p":2,"c":0,"r":22,"n":50,"t":1,"i":0,"e":65,"f":10,"g":57,"h":9,"j":57,"k":9},{"p":2,"c":0,"r":24,"n":29,"t":1,"i":0,"e":65,"f":10,"g":65,"h":10,"j":65,"k":10},{"p":2,"c":0,"r":26,"n":52,"t":1,"i":0,"e":65,"f":10,"g":65,"h":10,"j":65,"k":10},{"p":2,"c":0,"r":28,"n":48,"t":1,"i":0,"e":65,"f":10,"g":66,"h":11,"j":66,"k":11},{"p":2,"c":0,"r":30,"n":43,"t":1,"i":0,"e":65,"f":10,"g":66,"h":11,"j":66,"k":11},{"p":2,"c":1,"r":0,"n":55,"t":1,"i":8,"e":45,"f":-1,"g":45,"h":-1,"j":45,"k":-1},{"p":2,"c":1,"r":12,"n":59,"t":1,"i":8,"e":51,"f":3,"g":45,"h":-1,"j":45,"k":-1},{"p":2,"c":1,"r":14,"n":55,"t":1,"i":8,"e":51,"f":3,"g":45,"h":-1,"j":45,"k":-1},{"p":2,"c":1,"r":18,"n":0,"t":0,"i":0,"e":52,"f":4,"g":51,"h":3,"j":50,"k":2},{"p":2,"c":3,"r":0,"n":24,"t":1,"i":1,"e":45,"f":-1,"g":45,"h":-1,"j":45,"k":-1},{"p":2,"c":3,"r":8,"n":24,"t":1,"i":1,"e":45,"f":-1,"g":45,"h":-1,"j":45,"k":-1},{"p":2,"c":3,"r":10,"n":24,"t":1,"i":1,"e":45,"f":-1,"g":45,"h":-1,"j":45,"k":-1},{"p":2,"c":3,"r":16,"n":24,"t":1,"i":1,"e":45,"f":-1,"g":45,"h":-1,"j":45,"k":-1},{"p":2,"c":3,"r":24,"n":24,"t":1,"i":1,"e":45,"f":-1,"g":45,"h":-1,"j":45,"k":-1},{"p":2,"c":3,"r":26,"n":24,"t":1,"i":1,"e":45,"f":-1,"g":45,"h":-1,"j":45,"k":-1},{"p":2,"c":4,"r":0,"n":28,"t":1,"i":2,"e":45,"f":-1,"g":45,"h":-1,"j":45,"k":-1},{"p":2,"c":4,"r":2,"n":28,"t":1,"i":7,"e":45,"f":-1,"g":45,"h":-1,"j":45,"k":-1},{"p":2,"c":4,"r":4,"n":28,"t":1,"i":2,"e":45,"f":-1,"g":45,"h":-1,"j":45,"k":-1},{"p":2,"c":4,"r":6,"n":28,"t":1,"i":7,"e":45,"f":-1,"g":45,"h":-1,"j":45,"k":-1},{"p":2,"c":4,"r":8,"n":28,"t":1,"i":2,"e":45,"f":-1,"g":45,"h":-1,"j":45,"k":-1},{"p":2,"c":4,"r":10,"n":28,"t":1,"i":7,"e":45,"f":-1,"g":45,"h":-1,"j":45,"k":-1},{"p":2,"c":4,"r":12,"n":28,"t":1,"i":2,"e":45,"f":-1,"g":45,"h":-1,"j":45,"k":-1},{"p":2,"c":4,"r":14,"n":28,"t":1,"i":7,"e":45,"f":-1,"g":45,"h":-1,"j":45,"k":-1},{"p":2,"c":4,"r":16,"n":28,"t":1,"i":2,"e":45,"f":-1,"g":45,"h":-1,"j":45,"k":-1},{"p":2,"c":4,"r":18,"n":28,"t":1,"i":7,"e":45,"f":-1,"g":45,"h":-1,"j":45,"k":-1},{"p":2,"c":4,"r":20,"n":28,"t":1,"i":2,"e":45,"f":-1,"g":45,"h":-1,"j":45,"k":-1},{"p":2,"c":4,"r":22,"n":28,"t":1,"i":7,"e":45,"f":-1,"g":45,"h":-1,"j":45,"k":-1},{"p":2,"c":4,"r":24,"n":28,"t":1,"i":2,"e":45,"f":-1,"g":45,"h":-1,"j":45,"k":-1},{"p":2,"c":4,"r":26,"n":28,"t":1,"i":7,"e":45,"f":-1,"g":45,"h":-1,"j":45,"k":-1},{"p":2,"c":4,"r":28,"n":28,"t":1,"i":2,"e":45,"f":-1,"g":45,"h":-1,"j":45,"k":-1},{"p":2,"c":4,"r":30,"n":31,"t":1,"i":3,"e":45,"f":-1,"g":45,"h":-1,"j":45,"k":-1},{"p":2,"c":5,"r":4,"n":26,"t":1,"i":5,"e":45,"f":-1,"g":45,"h":-1,"j":45,"k":-1},{"p":2,"c":5,"r":12,"n":26,"t":1,"i":5,"e":45,"f":-1,"g":45,"h":-1,"j":45,"k":-1},{"p":2,"c":5,"r":20,"n":26,"t":1,"i":5,"e":45,"f":-1,"g":45,"h":-1,"j":45,"k":-1},{"p":2,"c":5,"r":28,"n":47,"t":1,"i":6,"e":45,"f":-1,"g":45,"h":-1,"j":45,"k":-1},{"p":2,"c":5,"r":29,"n":43,"t":1,"i":6,"e":45,"f":-1,"g":45,"h":-1,"j":45,"k":-1},{"p":2,"c":5,"r":30,"n":40,"t":1,"i":6,"e":45,"f":-1,"g":45,"h":-1,"j":45,"k":-1},{"p":3,"c":0,"r":0,"n":36,"t":1,"i":0,"e":65,"f":10,"g":67,"h":12,"j":67,"k":12},{"p":3,"c":0,"r":2,"n":43,"t":1,"i":0,"e":65,"f":10,"g":67,"h":12,"j":67,"k":12},{"p":3,"c":0,"r":4,"n":48,"t":1,"i":0,"e":65,"f":10,"g":68,"h":13,"j":68,"k":13},{"p":3,"c":0,"r":6,"n":50,"t":1,"i":0,"e":65,"f":10,"g":68,"h":13,"j":68,"k":13},{"p":3,"c":0,"r":8,"n":36,"t":1,"i":0,"e":65,"f":10,"g":69,"h":14,"j":69,"k":14},{"p":3,"c":0,"r":10,"n":52,"t":1,"i":0,"e":65,"f":10,"g":69,"h":14,"j":69,"k":14},{"p":3,"c":0,"r":12,"n":48,"t":1,"i":0,"e":65,"f":10,"g":70,"h":15,"j":70,"k":15},{"p":3,"c":0,"r":14,"n":36,"t":1,"i":0,"e":65,"f":10,"g":70,"h":15,"j":70,"k":15},{"p":3,"c":0,"r":16,"n":29,"t":1,"i":0,"e":45,"f":-1,"g":45,"h":-1,"j":45,"k":-1},{"p":3,"c":0,"r":18,"n":41,"t":1,"i":0,"e":45,"f":-1,"g":45,"h":-1,"j":45,"k":-1},{"p":3,"c":0,"r":20,"n":48,"t":1,"i":0,"e":45,"f":-1,"g":45,"h":-1,"j":45,"k":-1},{"p":3,"c":0,"r":22,"n":50,"t":1,"i":0,"e":45,"f":-1,"g":45,"h":-1,"j":45,"k":-1},{"p":3,"c":0,"r":24,"n":29,"t":1,"i":0,"e":45,"f":-1,"g":45,"h":-1,"j":45,"k":-1},{"p":3,"c":0,"r":26,"n":52,"t":1,"i":0,"e":45,"f":-1,"g":45,"h":-1,"j":45,"k":-1},{"p":3,"c":0,"r":28,"n":48,"t":1,"i":0,"e":45,"f":-1,"g":45,"h":-1,"j":45,"k":-1},{"p":3,"c":0,"r":30,"n":43,"t":1,"i":0,"e":45,"f":-1,"g":45,"h":-1,"j":45,"k":-1},{"p":3,"c":1,"r":0,"n":76,"t":1,"i":9,"e":45,"f":-1,"g":45,"h":-1,"j":45,"k":-1},{"p":3,"c":1,"r":16,"n":72,"t":1,"i":9,"e":45,"f":-1,"g":45,"h":-1,"j":45,"k":-1},{"p":3,"c":1,"r":24,"n":67,"t":1,"i":9,"e":45,"f":-1,"g":45,"h":-1,"j":45,"k":-1},{"p":3,"c":5,"r":4,"n":26,"t":1,"i":5,"e":45,"f":-1,"g":45,"h":-1,"j":45,"k":-1},{"p":3,"c":5,"r":12,"n":26,"t":1,"i":5,"e":45,"f":-1,"g":45,"h":-1,"j":45,"k":-1},{"p":3,"c":5,"r":20,"n":26,"t":1,"i":5,"e":45,"f":-1,"g":45,"h":-1,"j":45,"k":-1},{"p":3,"c":5,"r":28,"n":26,"t":1,"i":5,"e":45,"f":-1,"g":45,"h":-1,"j":45,"k":-1},{"p":4,"c":1,"r":0,"n":76,"t":1,"i":9,"e":45,"f":-1,"g":45,"h":-1,"j":45,"k":-1},{"p":4,"c":1,"r":16,"n":72,"t":1,"i":9,"e":45,"f":-1,"g":45,"h":-1,"j":45,"k":-1},{"p":4,"c":1,"r":24,"n":79,"t":1,"i":9,"e":45,"f":-1,"g":45,"h":-1,"j":45,"k":-1},{"p":4,"c":5,"r":4,"n":26,"t":1,"i":5,"e":45,"f":-1,"g":45,"h":-1,"j":45,"k":-1},{"p":4,"c":5,"r":12,"n":26,"t":1,"i":5,"e":45,"f":-1,"g":45,"h":-1,"j":45,"k":-1},{"p":4,"c":5,"r":20,"n":26,"t":1,"i":5,"e":45,"f":-1,"g":45,"h":-1,"j":45,"k":-1},{"p":4,"c":5,"r":28,"n":26,"t":1,"i":5,"e":45,"f":-1,"g":45,"h":-1,"j":45,"k":-1},{"p":4,"c":5,"r":30,"n":26,"t":1,"i":5,"e":45,"f":-1,"g":45,"h":-1,"j":45,"k":-1},{"p":5,"c":1,"r":0,"n":76,"t":1,"i":9,"e":45,"f":-1,"g":45,"h":-1,"j":45,"k":-1},{"p":5,"c":1,"r":16,"n":72,"t":1,"i":9,"e":45,"f":-1,"g":45,"h":-1,"j":45,"k":-1},{"p":5,"c":1,"r":24,"n":74,"t":1,"i":9,"e":45,"f":-1,"g":45,"h":-1,"j":45,"k":-1},{"p":6,"c":1,"r":0,"n":55,"t":1,"i":8,"e":45,"f":-1,"g":45,"h":-1,"j":45,"k":-1},{"p":6,"c":1,"r":12,"n":59,"t":1,"i":8,"e":51,"f":3,"g":45,"h":-1,"j":45,"k":-1},{"p":6,"c":1,"r":14,"n":57,"t":1,"i":8,"e":51,"f":3,"g":45,"h":-1,"j":45,"k":-1},{"p":6,"c":1,"r":18,"n":0,"t":0,"i":0,"e":52,"f":4,"g":51,"h":3,"j":50,"k":2}],"instrument_effects":[{"i_l":0,"r":0,"e":50,"f":2,"g":54,"h":6,"j":67,"k":12},{"i_l":0,"r":1,"e":54,"f":6,"g":49,"h":1,"j":53,"k":5},{"i_l":0,"r":2,"e":49,"f":1,"g":51,"h":3,"j":53,"k":5},{"i_l":1,"r":0,"e":70,"f":15,"g":50,"h":2,"j":49,"k":1},{"i_l":1,"r":1,"e":65,"f":10,"g":70,"h":15,"j":68,"k":13},{"i_l":2,"r":0,"e":65,"f":10,"g":70,"h":15,"j":68,"k":13},{"i_l":2,"r":2,"e":45,"f":-1,"g":45,"h":-1,"j":45,"k":-1},{"i_l":3,"r":0,"e":65,"f":10,"g":68,"h":13,"j":70,"k":15},{"i_l":4,"r":0,"e":65,"f":10,"g":68,"h":13,"j":70,"k":15},{"i_l":5,"r":0,"e":57,"f":9,"g":48,"h":0,"j":45,"k":-1},{"i_l":5,"r":1,"e":65,"f":10,"g":68,"h":13,"j":70,"k":15},{"i_l":6,"r":0,"e":57,"f":9,"g":49,"h":1,"j":45,"k":-1},{"i_l":6,"r":1,"e":70,"f":15,"g":49,"h":1,"j":45,"k":-1},{"i_l":7,"r":0,"e":65,"f":10,"g":70,"h":15,"j":68,"k":13},{"i_l":8,"r":0,"e":51,"f":3,"g":53,"h":5,"j":53,"k":5},{"i_l":8,"r":1,"e":45,"f":-1,"g":45,"h":-1,"j":45,"k":-1},{"i_l":8,"r":2,"e":54,"f":6,"g":57,"h":9,"j":49,"k":1},{"i_l":8,"r":3,"e":50,"f":2,"g":53,"h":5,"j":57,"k":9},{"i_l":9,"r":0,"e":57,"f":9,"g":45,"h":-1,"j":48,"k":0},{"i_l":9,"r":1,"e":50,"f":2,"g":53,"h":5,"j":57,"k":9},{"i_l":9,"r":2,"e":55,"f":7,"g":56,"h":8,"j":55,"k":7}],"patterns_and_voices":[0,0,0,0,0,0,0,0,0,0,0,0,0,0,0,0,0,0,0,0,0,0,0,0,0,0,0,0,0,0,0,0,0,0,0,0,0,0,0,0,0,0,0,0,3,0,0,0,0,0,0,0,0,0,0,0,0,0,0,0,0,0,0,0,0,0,0,0,0,0,0,0,0,0,0,0,0,0,0,0,0,0,0,0,0,0,0,0,4,0,0,0,0,0,0,0,0,0,0,0,0,0,0,0,0,0,0,0,0,0,4,0,0,0,0,0,0,0,0,0,0,0,0,0,0,0,0,0,0,0,0,0],"patterns":[2,3,0,0,0,0,0,0,0,0,1,1,1,1,0,0,0,0,0,0,0,0,0,0,0,0,0,0,0,0,0,0,0,0,0,0,0,0,0,0,0,0,0,0,0,0,0,0,0,0,0,0,0,0,0,0,0,0,0,0,0,0,0,0,0,0,0,0,0,0,1,2,1,6,3,4,3,5,0,0,0,0,0,0,0,0,0,0,0,0,0,0,0,0,0,0,0,0,0,0,0,0,0,0,0,0,0,0,0,0,0,0,0,0,0,0,0,0,0,0,0,0,0,0,0,0,0,0,0,0,0,0,1,1,1,1,1,1,0,0,0,0,0,0,0,0,0,0,0,0,0,0,0,0,0,0,0,0,0,0,0,0,0,0,0,0,0,0,0,0,0,0,0,0,0,0,0,0,0,0,0,0,0,0,0,0,0,0,0,0,0,0,0,0,1,1,2,2,2,2,2,2,0,0,0,1,0,0,0,0,0,0,0,0,0,0,0,0,0,0,0,0,0,0,0,0,0,0,0,0,0,0,0,0,0,0,0,0,0,0,0,0,0,0,0,0,0,0,0,0,0,0,0,0,0,0,0,0,1,1,2,2,2,2,2,2,0,0,0,1,0,0,0,0,0,0,0,0,0,0,0,0,0,0,0,0,0,0,0,0,0,0,0,0,0,0,0,0,0,0,0,0,0,0,0,0,0,0,0,0,0,0,0,0,0,0,0,0,0,0,0,0,0,0,1,1,3,2,3,4,0,0,0,0,0,0,0,0,0,0,0,0,0,0,0,0,0,0,0,0,0,0,0,0,0,0,0,0,0,0,0,0,0,0,0,0,0,0,0,0,0,0,0,0,0,0,0,0,0,0,0,0,0,0],"active_tracks":[1,1,1,1,1,1,1,1,1,1,1,1,1,1,0,0,0,0,0,0,0,0,0,0,0,0,0,0,0,0,0,0,0,0,0,0,0,0,0,0,0,0,0,0,0,0,0,0,0,0,0,0,0,0,0,0,0,0,0,0,0,0,0,0],"muted_voices":[0,0,0,0,0,0],"instruments_adsr":[[{"a":0,"p":0},{"a":0.519600,"p":0.009440},{"a":0,"p":0.222800},{"a":0,"p":0.600000},{"a":0,"p":0.900000}],[{"a":0,"p":0},{"a":0.907600,"p":0.004360},{"a":0,"p":0.047960},{"a":0,"p":0.600000},{"a":0,"p":0.900000}],[{"a":0,"p":0},{"a":0.249520,"p":0.006840},{"a":0,"p":0.029360},{"a":0,"p":0.600000},{"a":0,"p":0.900000}],[{"a":0,"p":0},{"a":0.267240,"p":0.012920},{"a":0,"p":0.189600},{"a":0,"p":0.600000},{"a":0,"p":0.900000}],[{"a":0,"p":0},{"a":1,"p":0.008760},{"a":0,"p":0.390000},{"a":0,"p":0.600000},{"a":0,"p":0.900000}],[{"a":0,"p":0},{"a":0.385000,"p":0.005320},{"a":0,"p":0.114680},{"a":0,"p":0.600000},{"a":0,"p":0.900000}],[{"a":0,"p":0},{"a":0.678800,"p":0.001000},{"a":0,"p":0.243600},{"a":0,"p":0.600000},{"a":0,"p":0.900000}],[{"a":0,"p":0},{"a":0.093920,"p":0.006200},{"a":0,"p":0.029360},{"a":0,"p":0.600000},{"a":0,"p":0.900000}],[{"a":0,"p":0},{"a":0.376480,"p":0.015600},{"a":0.219480,"p":0.489600},{"a":0,"p":0.646800},{"a":0,"p":0.900000}],[{"a":0,"p":0},{"a":0.080400,"p":0.003320},{"a":0,"p":0.657200},{"a":0,"p":0.706800},{"a":0,"p":0.900000}],[{"a":0,"p":0},{"a":0.800000,"p":0.001000},{"a":0,"p":0.150000},{"a":0,"p":0.600000},{"a":0,"p":0.900000}],[{"a":0,"p":0},{"a":0.800000,"p":0.001000},{"a":0,"p":0.150000},{"a":0,"p":0.600000},{"a":0,"p":0.900000}],[{"a":0,"p":0},{"a":0.800000,"p":0.001000},{"a":0,"p":0.150000},{"a":0,"p":0.600000},{"a":0,"p":0.900000}],[{"a":0,"p":0},{"a":0.800000,"p":0.001000},{"a":0,"p":0.150000},{"a":0,"p":0.600000},{"a":0,"p":0.900000}],[{"a":0,"p":0},{"a":0.800000,"p":0.001000},{"a":0,"p":0.150000},{"a":0,"p":0.600000},{"a":0,"p":0.900000}],[{"a":0,"p":0},{"a":0.800000,"p":0.001000},{"a":0,"p":0.150000},{"a":0,"p":0.600000},{"a":0,"p":0.900000}]],"custom_table":{"i":[{"a":0,"p":0.200000},{"a":0,"p":0.400000},{"a":0,"p":0.600000},{"a":0,"p":0.800000},{"a":0,"p":1}]},"tempo":[{"x":0,"y":0,"b":120},{"x":0,"y":1,"t":4,"a":1},{"x":0,"y":2,"t":4,"a":1},{"x":0,"y":3,"t":4,"a":1},{"x":0,"y":4,"t":4,"a":1},{"x":0,"y":5,"t":1,"a":0},{"x":0,"y":6,"t":1,"a":0},{"x":0,"y":7,"t":1,"a":0},{"x":0,"y":8,"t":1,"a":0},{"x":0,"y":9,"t":1,"a":0},{"x":0,"y":10,"t":1,"a":0},{"x":0,"y":11,"t":1,"a":0},{"x":0,"y":12,"t":1,"a":0},{"x":0,"y":13,"t":1,"a":0},{"x":0,"y":14,"t":1,"a":0},{"x":0,"y":15,"t":1,"a":0},{"x":0,"y":16,"t":1,"a":0},{"x":1,"y":0,"b":120},{"x":1,"y":1,"t":4,"a":1},{"x":1,"y":2,"t":1,"a":0},{"x":1,"y":3,"t":1,"a":0},{"x":1,"y":4,"t":1,"a":0},{"x":1,"y":5,"t":1,"a":0},{"x":1,"y":6,"t":1,"a":0},{"x":1,"y":7,"t":1,"a":0},{"x":1,"y":8,"t":1,"a":0},{"x":1,"y":9,"t":1,"a":0},{"x":1,"y":10,"t":1,"a":0},{"x":1,"y":11,"t":1,"a":0},{"x":1,"y":12,"t":1,"a":0},{"x":1,"y":13,"t":1,"a":0},{"x":1,"y":14,"t":1,"a":0},{"x":1,"y":15,"t":1,"a":0},{"x":1,"y":16,"t":1,"a":0},{"x":2,"y":0,"b":120},{"x":2,"y":1,"t":4,"a":1},{"x":2,"y":2,"t":1,"a":0},{"x":2,"y":3,"t":1,"a":0},{"x":2,"y":4,"t":1,"a":0},{"x":2,"y":5,"t":1,"a":0},{"x":2,"y":6,"t":1,"a":0},{"x":2,"y":7,"t":1,"a":0},{"x":2,"y":8,"t":1,"a":0},{"x":2,"y":9,"t":1,"a":0},{"x":2,"y":10,"t":1,"a":0},{"x":2,"y":11,"t":1,"a":0},{"x":2,"y":12,"t":1,"a":0},{"x":2,"y":13,"t":1,"a":0},{"x":2,"y":14,"t":1,"a":0},{"x":2,"y":15,"t":1,"a":0},{"x":2,"y":16,"t":1,"a":0},{"x":3,"y":0,"b":120},{"x":3,"y":1,"t":4,"a":1},{"x":3,"y":2,"t":1,"a":0},{"x":3,"y":3,"t":1,"a":0},{"x":3,"y":4,"t":1,"a":0},{"x":3,"y":5,"t":1,"a":0},{"x":3,"y":6,"t":1,"a":0},{"x":3,"y":7,"t":1,"a":0},{"x":3,"y":8,"t":1,"a":0},{"x":3,"y":9,"t":1,"a":0},{"x":3,"y":10,"t":1,"a":0},{"x":3,"y":11,"t":1,"a":0},{"x":3,"y":12,"t":1,"a":0},{"x":3,"y":13,"t":1,"a":0},{"x":3,"y":14,"t":1,"a":0},{"x":3,"y":15,"t":1,"a":0},{"x":3,"y":16,"t":1,"a":0},{"x":4,"y":0,"b":120},{"x":4,"y":1,"t":4,"a":1},{"x":4,"y":2,"t":1,"a":0},{"x":4,"y":3,"t":1,"a":0},{"x":4,"y":4,"t":1,"a":0},{"x":4,"y":5,"t":1,"a":0},{"x":4,"y":6,"t":1,"a":0},{"x":4,"y":7,"t":1,"a":0},{"x":4,"y":8,"t":1,"a":0},{"x":4,"y":9,"t":1,"a":0},{"x":4,"y":10,"t":1,"a":0},{"x":4,"y":11,"t":1,"a":0},{"x":4,"y":12,"t":1,"a":0},{"x":4,"y":13,"t":1,"a":0},{"x":4,"y":14,"t":1,"a":0},{"x":4,"y":15,"t":1,"a":0},{"x":4,"y":16,"t":1,"a":0},{"x":5,"y":0,"b":120},{"x":5,"y":1,"t":4,"a":1},{"x":5,"y":2,"t":1,"a":0},{"x":5,"y":3,"t":1,"a":0},{"x":5,"y":4,"t":1,"a":0},{"x":5,"y":5,"t":1,"a":0},{"x":5,"y":6,"t":1,"a":0},{"x":5,"y":7,"t":1,"a":0},{"x":5,"y":8,"t":1,"a":0},{"x":5,"y":9,"t":1,"a":0},{"x":5,"y":10,"t":1,"a":0},{"x":5,"y":11,"t":1,"a":0},{"x":5,"y":12,"t":1,"a":0},{"x":5,"y":13,"t":1,"a":0},{"x":5,"y":14,"t":1,"a":0},{"x":5,"y":15,"t":1,"a":0},{"x":5,"y":16,"t":1,"a":0}],"wavetable":[{"x":0,"y":0,"s":44},{"x":0,"y":1,"v":1,"a":0},{"x":0,"y":2,"v":4,"a":1},{"x":0,"y":3,"v":3,"a":1},{"x":0,"y":4,"v":2,"a":1},{"x":0,"y":5,"v":4,"a":1},{"x":0,"y":6,"v":1,"a":0},{"x":0,"y":7,"v":1,"a":0},{"x":0,"y":8,"v":1,"a":0},{"x":0,"y":9,"v":1,"a":0},{"x":0,"y":10,"v":1,"a":0},{"x":0,"y":11,"v":1,"a":0},{"x":0,"y":12,"v":1,"a":0},{"x":0,"y":13,"v":1,"a":0},{"x":0,"y":14,"v":1,"a":0},{"x":0,"y":15,"v":1,"a":0},{"x":0,"y":16,"v":1,"a":0},{"x":0,"y":17,"v":1,"a":0},{"x":1,"y":0,"s":50},{"x":1,"y":1,"v":1,"a":0},{"x":1,"y":2,"v":1,"a":1},{"x":1,"y":3,"v":15,"a":0},{"x":1,"y":4,"v":1,"a":0},{"x":1,"y":5,"v":3,"a":0},{"x":1,"y":6,"v":1,"a":0},{"x":1,"y":7,"v":1,"a":0},{"x":1,"y":8,"v":1,"a":0},{"x":1,"y":9,"v":1,"a":0},{"x":1,"y":10,"v":1,"a":0},{"x":1,"y":11,"v":1,"a":0},{"x":1,"y":12,"v":1,"a":0},{"x":1,"y":13,"v":1,"a":0},{"x":1,"y":14,"v":1,"a":0},{"x":1,"y":15,"v":1,"a":0},{"x":1,"y":16,"v":1,"a":0},{"x":1,"y":17,"v":1,"a":0},{"x":2,"y":0,"s":74},{"x":2,"y":1,"v":1,"a":0},{"x":2,"y":2,"v":0,"a":1},{"x":2,"y":3,"v":0,"a":0},{"x":2,"y":4,"v":1,"a":0},{"x":2,"y":5,"v":1,"a":0},{"x":2,"y":6,"v":1,"a":0},{"x":2,"y":7,"v":1,"a":0},{"x":2,"y":8,"v":1,"a":0},{"x":2,"y":9,"v":1,"a":0},{"x":2,"y":10,"v":1,"a":0},{"x":2,"y":11,"v":1,"a":0},{"x":2,"y":12,"v":1,"a":0},{"x":2,"y":13,"v":1,"a":0},{"x":2,"y":14,"v":1,"a":0},{"x":2,"y":15,"v":1,"a":0},{"x":2,"y":16,"v":1,"a":0},{"x":2,"y":17,"v":1,"a":0},{"x":3,"y":0,"s":50},{"x":3,"y":1,"v":1,"a":0},{"x":3,"y":2,"v":1,"a":1},{"x":3,"y":3,"v":5,"a":0},{"x":3,"y":4,"v":1,"a":0},{"x":3,"y":5,"v":1,"a":0},{"x":3,"y":6,"v":1,"a":0},{"x":3,"y":7,"v":1,"a":0},{"x":3,"y":8,"v":1,"a":0},{"x":3,"y":9,"v":1,"a":0},{"x":3,"y":10,"v":1,"a":0},{"x":3,"y":11,"v":1,"a":0},{"x":3,"y":12,"v":1,"a":0},{"x":3,"y":13,"v":1,"a":0},{"x":3,"y":14,"v":1,"a":0},{"x":3,"y":15,"v":1,"a":0},{"x":3,"y":16,"v":1,"a":0},{"x":3,"y":17,"v":1,"a":0},{"x":4,"y":0,"s":50},{"x":4,"y":1,"v":1,"a":0},{"x":4,"y":2,"v":1,"a":1},{"x":4,"y":3,"v":1,"a":0},{"x":4,"y":4,"v":1,"a":0},{"x":4,"y":5,"v":1,"a":0},{"x":4,"y":6,"v":1,"a":0},{"x":4,"y":7,"v":1,"a":0},{"x":4,"y":8,"v":1,"a":0},{"x":4,"y":9,"v":1,"a":0},{"x":4,"y":10,"v":1,"a":0},{"x":4,"y":11,"v":1,"a":0},{"x":4,"y":12,"v":1,"a":0},{"x":4,"y":13,"v":1,"a":0},{"x":4,"y":14,"v":1,"a":0},{"x":4,"y":15,"v":1,"a":0},{"x":4,"y":16,"v":1,"a":0},{"x":4,"y":17,"v":1,"a":0},{"x":5,"y":0,"s":50},{"x":5,"y":1,"v":1,"a":0},{"x":5,"y":2,"v":1,"a":1},{"x":5,"y":3,"v":1,"a":0},{"x":5,"y":4,"v":1,"a":0},{"x":5,"y":5,"v":1,"a":0},{"x":5,"y":6,"v":1,"a":0},{"x":5,"y":7,"v":1,"a":0},{"x":5,"y":8,"v":1,"a":0},{"x":5,"y":9,"v":1,"a":0},{"x":5,"y":10,"v":1,"a":0},{"x":5,"y":11,"v":1,"a":0},{"x":5,"y":12,"v":1,"a":0},{"x":5,"y":13,"v":1,"a":0},{"x":5,"y":14,"v":1,"a":0},{"x":5,"y":15,"v":1,"a":0},{"x":5,"y":16,"v":1,"a":0},{"x":5,"y":17,"v":1,"a":0},{"x":6,"y":0,"s":50},{"x":6,"y":1,"v":1,"a":0},{"x":6,"y":2,"v":1,"a":1},{"x":6,"y":3,"v":1,"a":0},{"x":6,"y":4,"v":1,"a":0},{"x":6,"y":5,"v":1,"a":0},{"x":6,"y":6,"v":1,"a":0},{"x":6,"y":7,"v":1,"a":0},{"x":6,"y":8,"v":1,"a":0},{"x":6,"y":9,"v":1,"a":0},{"x":6,"y":10,"v":1,"a":0},{"x":6,"y":11,"v":1,"a":0},{"x":6,"y":12,"v":1,"a":0},{"x":6,"y":13,"v":1,"a":0},{"x":6,"y":14,"v":1,"a":0},{"x":6,"y":15,"v":1,"a":0},{"x":6,"y":16,"v":1,"a":0},{"x":6,"y":17,"v":1,"a":0},{"x":7,"y":0,"s":50},{"x":7,"y":1,"v":1,"a":0},{"x":7,"y":2,"v":1,"a":1},{"x":7,"y":3,"v":1,"a":0},{"x":7,"y":4,"v":1,"a":0},{"x":7,"y":5,"v":1,"a":0},{"x":7,"y":6,"v":1,"a":0},{"x":7,"y":7,"v":1,"a":0},{"x":7,"y":8,"v":1,"a":0},{"x":7,"y":9,"v":1,"a":0},{"x":7,"y":10,"v":1,"a":0},{"x":7,"y":11,"v":1,"a":0},{"x":7,"y":12,"v":1,"a":0},{"x":7,"y":13,"v":1,"a":0},{"x":7,"y":14,"v":1,"a":0},{"x":7,"y":15,"v":1,"a":0},{"x":7,"y":16,"v":1,"a":0},{"x":7,"y":17,"v":1,"a":0},{"x":8,"y":0,"s":50},{"x":8,"y":1,"v":1,"a":0},{"x":8,"y":2,"v":1,"a":1},{"x":8,"y":3,"v":1,"a":0},{"x":8,"y":4,"v":1,"a":0},{"x":8,"y":5,"v":1,"a":0},{"x":8,"y":6,"v":1,"a":0},{"x":8,"y":7,"v":1,"a":0},{"x":8,"y":8,"v":1,"a":0},{"x":8,"y":9,"v":1,"a":0},{"x":8,"y":10,"v":1,"a":0},{"x":8,"y":11,"v":1,"a":0},{"x":8,"y":12,"v":1,"a":0},{"x":8,"y":13,"v":1,"a":0},{"x":8,"y":14,"v":1,"a":0},{"x":8,"y":15,"v":1,"a":0},{"x":8,"y":16,"v":1,"a":0},{"x":8,"y":17,"v":1,"a":0},{"x":9,"y":0,"s":50},{"x":9,"y":1,"v":1,"a":0},{"x":9,"y":2,"v":1,"a":1},{"x":9,"y":3,"v":1,"a":0},{"x":9,"y":4,"v":1,"a":0},{"x":9,"y":5,"v":1,"a":0},{"x":9,"y":6,"v":1,"a":0},{"x":9,"y":7,"v":1,"a":0},{"x":9,"y":8,"v":1,"a":0},{"x":9,"y":9,"v":1,"a":0},{"x":9,"y":10,"v":1,"a":0},{"x":9,"y":11,"v":1,"a":0},{"x":9,"y":12,"v":1,"a":0},{"x":9,"y":13,"v":1,"a":0},{"x":9,"y":14,"v":1,"a":0},{"x":9,"y":15,"v":1,"a":0},{"x":9,"y":16,"v":1,"a":0},{"x":9,"y":17,"v":1,"a":0},{"x":10,"y":0,"s":50},{"x":10,"y":1,"v":1,"a":0},{"x":10,"y":2,"v":1,"a":1},{"x":10,"y":3,"v":1,"a":0},{"x":10,"y":4,"v":1,"a":0},{"x":10,"y":5,"v":1,"a":0},{"x":10,"y":6,"v":1,"a":0},{"x":10,"y":7,"v":1,"a":0},{"x":10,"y":8,"v":1,"a":0},{"x":10,"y":9,"v":1,"a":0},{"x":10,"y":10,"v":1,"a":0},{"x":10,"y":11,"v":1,"a":0},{"x":10,"y":12,"v":1,"a":0},{"x":10,"y":13,"v":1,"a":0},{"x":10,"y":14,"v":1,"a":0},{"x":10,"y":15,"v":1,"a":0},{"x":10,"y":16,"v":1,"a":0},{"x":10,"y":17,"v":1,"a":0},{"x":11,"y":0,"s":50},{"x":11,"y":1,"v":1,"a":0},{"x":11,"y":2,"v":1,"a":1},{"x":11,"y":3,"v":1,"a":0},{"x":11,"y":4,"v":1,"a":0},{"x":11,"y":5,"v":1,"a":0},{"x":11,"y":6,"v":1,"a":0},{"x":11,"y":7,"v":1,"a":0},{"x":11,"y":8,"v":1,"a":0},{"x":11,"y":9,"v":1,"a":0},{"x":11,"y":10,"v":1,"a":0},{"x":11,"y":11,"v":1,"a":0},{"x":11,"y":12,"v":1,"a":0},{"x":11,"y":13,"v":1,"a":0},{"x":11,"y":14,"v":1,"a":0},{"x":11,"y":15,"v":1,"a":0},{"x":11,"y":16,"v":1,"a":0},{"x":11,"y":17,"v":1,"a":0}]}