{"build":19,"file_version":4,"master_amp_percent":63,"solo_voice":-1,"solo_track":-1,"track_height":16,"arp":10,"track_highlight_interval":4,"active_tempo_column":0,"nodes":[{"p":0,"c":0,"r":0,"n":52,"t":1,"i":0,"e":45,"f":-1,"g":45,"h":-1,"j":45,"k":-1},{"p":0,"c":0,"r":1,"n":50,"t":1,"i":0,"e":45,"f":-1,"g":45,"h":-1,"j":45,"k":-1},{"p":0,"c":0,"r":2,"n":60,"t":1,"i":0,"e":45,"f":-1,"g":45,"h":-1,"j":45,"k":-1},{"p":0,"c":0,"r":3,"n":52,"t":1,"i":0,"e":45,"f":-1,"g":45,"h":-1,"j":45,"k":-1},{"p":0,"c":0,"r":4,"n":46,"t":1,"i":0,"e":45,"f":-1,"g":45,"h":-1,"j":45,"k":-1},{"p":0,"c":0,"r":5,"n":53,"t":1,"i":0,"e":45,"f":-1,"g":45,"h":-1,"j":45,"k":-1},{"p":0,"c":0,"r":6,"n":62,"t":1,"i":0,"e":45,"f":-1,"g":45,"h":-1,"j":45,"k":-1},{"p":0,"c":0,"r":7,"n":50,"t":1,"i":0,"e":45,"f":-1,"g":45,"h":-1,"j":45,"k":-1},{"p":0,"c":0,"r":8,"n":64,"t":1,"i":0,"e":45,"f":-1,"g":45,"h":-1,"j":45,"k":-1},{"p":0,"c":0,"r":9,"n":52,"t":1,"i":0,"e":45,"f":-1,"g":45,"h":-1,"j":45,"k":-1},{"p":0,"c":0,"r":10,"n":60,"t":1,"i":0,"e":45,"f":-1,"g":45,"h":-1,"j":45,"k":-1},{"p":0,"c":0,"r":11,"n":46,"t":1,"i":0,"e":45,"f":-1,"g":45,"h":-1,"j":45,"k":-1},{"p":0,"c":0,"r":12,"n":55,"t":1,"i":0,"e":45,"f":-1,"g":45,"h":-1,"j":45,"k":-1},{"p":0,"c":0,"r":13,"n":64,"t":1,"i":0,"e":45,"f":-1,"g":45,"h":-1,"j":45,"k":-1},{"p":0,"c":0,"r":14,"n":50,"t":1,"i":0,"e":45,"f":-1,"g":45,"h":-1,"j":45,"k":-1},{"p":0,"c":0,"r":15,"n":62,"t":1,"i":0,"e":45,"f":-1,"g":45,"h":-1,"j":45,"k":-1},{"p":0,"c":1,"r":0,"n":48,"t":1,"i":2,"e":45,"f":-1,"g":45,"h":-1,"j":45,"k":-1},{"p":0,"c":1,"r":1,"n":50,"t":1,"i":2,"e":45,"f":-1,"g":45,"h":-1,"j":45,"k":-1},{"p":0,"c":1,"r":2,"n":52,"t":1,"i":2,"e":45,"f":-1,"g":45,"h":-1,"j":45,"k":-1},{"p":0,"c":1,"r":3,"n":50,"t":1,"i":2,"e":45,"f":-1,"g":45,"h":-1,"j":45,"k":-1},{"p":0,"c":1,"r":4,"n":48,"t":1,"i":2,"e":45,"f":-1,"g":45,"h":-1,"j":45,"k":-1},{"p":0,"c":1,"r":5,"n":48,"t":1,"i":2,"e":45,"f":-1,"g":45,"h":-1,"j":45,"k":-1},{"p":0,"c":1,"r":6,"n":48,"t":1,"i":2,"e":45,"f":-1,"g":45,"h":-1,"j":45,"k":-1},{"p":0,"c":1,"r":7,"n":48,"t":1,"i":2,"e":45,"f":-1,"g":45,"h":-1,"j":45,"k":-1},{"p":0,"c":1,"r":8,"n":48,"t":1,"i":2,"e":45,"f":-1,"g":45,"h":-1,"j":45,"k":-1},{"p":0,"c":1,"r":9,"n":50,"t":1,"i":2,"e":45,"f":-1,"g":45,"h":-1,"j":45,"k":-1},{"p":0,"c":1,"r":10,"n":55,"t":1,"i":2,"e":45,"f":-1,"g":45,"h":-1,"j":45,"k":-1},{"p":0,"c":1,"r":11,"n":55,"t":1,"i":2,"e":45,"f":-1,"g":45,"h":-1,"j":45,"k":-1},{"p":0,"c":1,"r":12,"n":57,"t":1,"i":2,"e":45,"f":-1,"g":45,"h":-1,"j":45,"k":-1},{"p":0,"c":1,"r":13,"n":57,"t":1,"i":2,"e":45,"f":-1,"g":45,"h":-1,"j":45,"k":-1},{"p":0,"c":1,"r":14,"n":57,"t":1,"i":2,"e":45,"f":-1,"g":45,"h":-1,"j":45,"k":-1},{"p":0,"c":1,"r":15,"n":50,"t":1,"i":2,"e":45,"f":-1,"g":45,"h":-1,"j":45,"k":-1},{"p":0,"c":2,"r":0,"n":69,"t":1,"i":1,"e":45,"f":-1,"g":45,"h":-1,"j":45,"k":-1},{"p":0,"c":2,"r":4,"n":64,"t":1,"i":1,"e":45,"f":-1,"g":45,"h":-1,"j":45,"k":-1},{"p":0,"c":2,"r":8,"n":62,"t":1,"i":1,"e":45,"f":-1,"g":45,"h":-1,"j":45,"k":-1},{"p":0,"c":2,"r":12,"n":57,"t":1,"i":1,"e":45,"f":-1,"g":45,"h":-1,"j":45,"k":-1}],"instrument_effects":[{"i_l":0,"r":0,"e":71,"f":16,"g":53,"h":5,"j":53,"k":5},{"i_l":0,"r":1,"e":45,"f":-1,"g":45,"h":-1,"j":45,"k":-1},{"i_l":0,"r":2,"e":65,"f":10,"g":70,"h":15,"j":51,"k":3},{"i_l":1,"r":0,"e":52,"f":4,"g":50,"h":2,"j":49,"k":1},{"i_l":1,"r":1,"e":54,"f":6,"g":51,"h":3,"j":70,"k":15},{"i_l":1,"r":2,"e":50,"f":2,"g":69,"h":14,"j":69,"k":14},{"i_l":2,"r":0,"e":55,"f":7,"g":56,"h":8,"j":50,"k":2},{"i_l":2,"r":1,"e":65,"f":10,"g":51,"h":3,"j":70,"k":15}],"patterns_and_voices":[0,0,0,0,0,0,0,0,0,0,0,0,0,0,0,0,0,0,0,0,0,0,0,0,0,0,0,0,0,0,0,0,0,0,0,0,0,0,0,0,0,0,0,0,2,0,0,0,0,0,0,0,0,0,0,0,0,0,0,0,0,0,0,0,0,0,3,0,0,0,0,0,0,0,0,0,0,0,0,0,0,0,0,0,0,0,0,0,4,0,0,0,0,0,0,0,0,0,0,0,0,0,0,0,0,0,0,0,0,0,4,0,0,0,0,0,0,0,0,0,0,0,0,0,0,0,0,0,0,0,0,0],"patterns":[0,0,0,0,0,0,0,0,0,0,0,0,0,0,0,0,0,0,0,0,0,0,0,0,0,0,0,0,0,0,0,0,0,0,0,0,0,0,0,0,0,0,0,0,0,0,0,0,0,0,0,0,0,0,0,0,0,0,0,0,0,0,0,0,0,0,0,0,0,0,0,0,0,0,0,0,0,0,0,0,0,0,0,0,0,0,0,0,0,0,0,0,0,0,0,0,0,0,0,0,0,0,0,0,0,0,0,0,0,0,0,0,0,0,0,0,0,0,0,0,0,0,0,0,0,0,0,0,0,0,0,0,0,0,0,0,0,0,0,0,0,0,0,0,0,0,0,0,0,0,0,0,0,0,0,0,0,0,0,0,0,0,0,0,0,0,0,0,0,0,0,0,0,0,0,0,0,0,0,0,0,0,0,0,0,0,0,0,0,0,0,0,0,0,0,0,0,0,0,0,0,0,0,0,0,0,0,0,0,0,0,0,0,0,0,0,0,0,0,0,0,0,0,0,0,0,0,0,0,0,0,0,0,0,0,0,0,0,0,0,0,0,0,0,0,0,0,0,0,0,0,0,0,0,0,0,0,0,0,0,0,0,0,0,0,0,0,0,0,0,0,0,0,0,0,0,0,0,0,0,0,0,0,0,0,0,0,0,0,0,0,0,0,0,0,0,0,0,0,0,0,0,0,0,0,0,0,0,0,0,0,0,0,0,0,0,0,0,0,0,0,0,0,0,0,0,0,0,0,0,0,0,0,0,0,0,0,0,0,0,0,0,0,0,0,0,0,0,0,0,0,0,0,0,0,0,0,0,0,0,0,0,0,0,0,0,0,0,0,0,0,0,0,0,0,0,0,0,0,0,0,0,0,0],"active_tracks":[1,0,0,0,0,0,0,0,0,0,0,0,0,0,0,0,0,0,0,0,0,0,0,0,0,0,0,0,0,0,0,0,0,0,0,0,0,0,0,0,0,0,0,0,0,0,0,0,0,0,0,0,0,0,0,0,0,0,0,0,0,0,0,0],"muted_voices":[0,0,0,0,0,0],"instruments_adsr":[[{"a":0,"p":0},{"a":0.800000,"p":0.001000},{"a":0.773200,"p":0.813600},{"a":0.419200,"p":1.399600},{"a":0,"p":1.814400}],[{"a":0,"p":0},{"a":0.527200,"p":0.482400},{"a":0.518800,"p":1.020000},{"a":0.373200,"p":1.326400},{"a":0,"p":1.726800}],[{"a":0,"p":0},{"a":0.800000,"p":0.001000},{"a":0.773200,"p":0.813600},{"a":0.419200,"p":1.399600},{"a":0,"p":1.814400}],[{"a":0,"p":0},{"a":0.800000,"p":0.001000},{"a":0,"p":0.150000},{"a":0,"p":0.600000},{"a":0,"p":0.900000}],[{"a":0,"p":0},{"a":0.800000,"p":0.001000},{"a":0,"p":0.150000},{"a":0,"p":0.600000},{"a":0,"p":0.900000}],[{"a":0,"p":0},{"a":0.800000,"p":0.001000},{"a":0,"p":0.150000},{"a":0,"p":0.600000},{"a":0,"p":0.900000}],[{"a":0,"p":0},{"a":0.800000,"p":0.001000},{"a":0,"p":0.150000},{"a":0,"p":0.600000},{"a":0,"p":0.900000}],[{"a":0,"p":0},{"a":0.800000,"p":0.001000},{"a":0,"p":0.150000},{"a":0,"p":0.600000},{"a":0,"p":0.900000}],[{"a":0,"p":0},{"a":0.800000,"p":0.001000},{"a":0,"p":0.150000},{"a":0,"p":0.600000},{"a":0,"p":0.900000}],[{"a":0,"p":0},{"a":0.800000,"p":0.001000},{"a":0,"p":0.150000},{"a":0,"p":0.600000},{"a":0,"p":0.900000}],[{"a":0,"p":0},{"a":0.800000,"p":0.001000},{"a":0,"p":0.150000},{"a":0,"p":0.600000},{"a":0,"p":0.900000}],[{"a":0,"p":0},{"a":0.800000,"p":0.001000},{"a":0,"p":0.150000},{"a":0,"p":0.600000},{"a":0,"p":0.900000}],[{"a":0,"p":0},{"a":0.800000,"p":0.001000},{"a":0,"p":0.150000},{"a":0,"p":0.600000},{"a":0,"p":0.900000}],[{"a":0,"p":0},{"a":0.800000,"p":0.001000},{"a":0,"p":0.150000},{"a":0,"p":0.600000},{"a":0,"p":0.900000}],[{"a":0,"p":0},{"a":0.800000,"p":0.001000},{"a":0,"p":0.150000},{"a":0,"p":0.600000},{"a":0,"p":0.900000}],[{"a":0,"p":0},{"a":0.800000,"p":0.001000},{"a":0,"p":0.150000},{"a":0,"p":0.600000},{"a":0,"p":0.900000}]],"custom_table":{"i":[{"a":0,"p":0.200000},{"a":0,"p":0.400000},{"a":0,"p":0.600000},{"a":0,"p":0.800000},{"a":0,"p":1}]},"tempo":[{"x":0,"y":0,"b":40},{"x":0,"y":1,"t":1,"a":1},{"x":0,"y":2,"t":1,"a":1},{"x":0,"y":3,"t":1,"a":1},{"x":0,"y":4,"t":1,"a":1},{"x":0,"y":5,"t":1,"a":0},{"x":0,"y":6,"t":1,"a":0},{"x":0,"y":7,"t":1,"a":0},{"x":0,"y":8,"t":1,"a":0},{"x":0,"y":9,"t":1,"a":0},{"x":0,"y":10,"t":1,"a":0},{"x":0,"y":11,"t":1,"a":0},{"x":0,"y":12,"t":1,"a":0},{"x":0,"y":13,"t":1,"a":0},{"x":0,"y":14,"t":1,"a":0},{"x":0,"y":15,"t":1,"a":0},{"x":0,"y":16,"t":1,"a":0},{"x":1,"y":0,"b":120},{"x":1,"y":1,"t":4,"a":1},{"x":1,"y":2,"t":1,"a":0},{"x":1,"y":3,"t":1,"a":0},{"x":1,"y":4,"t":1,"a":0},{"x":1,"y":5,"t":1,"a":0},{"x":1,"y":6,"t":1,"a":0},{"x":1,"y":7,"t":1,"a":0},{"x":1,"y":8,"t":1,"a":0},{"x":1,"y":9,"t":1,"a":0},{"x":1,"y":10,"t":1,"a":0},{"x":1,"y":11,"t":1,"a":0},{"x":1,"y":12,"t":1,"a":0},{"x":1,"y":13,"t":1,"a":0},{"x":1,"y":14,"t":1,"a":0},{"x":1,"y":15,"t":1,"a":0},{"x":1,"y":16,"t":1,"a":0},{"x":2,"y":0,"b":120},{"x":2,"y":1,"t":4,"a":1},{"x":2,"y":2,"t":1,"a":0},{"x":2,"y":3,"t":1,"a":0},{"x":2,"y":4,"t":1,"a":0},{"x":2,"y":5,"t":1,"a":0},{"x":2,"y":6,"t":1,"a":0},{"x":2,"y":7,"t":1,"a":0},{"x":2,"y":8,"t":1,"a":0},{"x":2,"y":9,"t":1,"a":0},{"x":2,"y":10,"t":1,"a":0},{"x":2,"y":11,"t":1,"a":0},{"x":2,"y":12,"t":1,"a":0},{"x":2,"y":13,"t":1,"a":0},{"x":2,"y":14,"t":1,"a":0},{"x":2,"y":15,"t":1,"a":0},{"x":2,"y":16,"t":1,"a":0},{"x":3,"y":0,"b":120},{"x":3,"y":1,"t":4,"a":1},{"x":3,"y":2,"t":1,"a":0},{"x":3,"y":3,"t":1,"a":0},{"x":3,"y":4,"t":1,"a":0},{"x":3,"y":5,"t":1,"a":0},{"x":3,"y":6,"t":1,"a":0},{"x":3,"y":7,"t":1,"a":0},{"x":3,"y":8,"t":1,"a":0},{"x":3,"y":9,"t":1,"a":0},{"x":3,"y":10,"t":1,"a":0},{"x":3,"y":11,"t":1,"a":0},{"x":3,"y":12,"t":1,"a":0},{"x":3,"y":13,"t":1,"a":0},{"x":3,"y":14,"t":1,"a":0},{"x":3,"y":15,"t":1,"a":0},{"x":3,"y":16,"t":1,"a":0},{"x":4,"y":0,"b":120},{"x":4,"y":1,"t":4,"a":1},{"x":4,"y":2,"t":1,"a":0},{"x":4,"y":3,"t":1,"a":0},{"x":4,"y":4,"t":1,"a":0},{"x":4,"y":5,"t":1,"a":0},{"x":4,"y":6,"t":1,"a":0},{"x":4,"y":7,"t":1,"a":0},{"x":4,"y":8,"t":1,"a":0},{"x":4,"y":9,"t":1,"a":0},{"x":4,"y":10,"t":1,"a":0},{"x":4,"y":11,"t":1,"a":0},{"x":4,"y":12,"t":1,"a":0},{"x":4,"y":13,"t":1,"a":0},{"x":4,"y":14,"t":1,"a":0},{"x":4,"y":15,"t":1,"a":0},{"x":4,"y":16,"t":1,"a":0},{"x":5,"y":0,"b":120},{"x":5,"y":1,"t":4,"a":1},{"x":5,"y":2,"t":1,"a":0},{"x":5,"y":3,"t":1,"a":0},{"x":5,"y":4,"t":1,"a":0},{"x":5,"y":5,"t":1,"a":0},{"x":5,"y":6,"t":1,"a":0},{"x":5,"y":7,"t":1,"a":0},{"x":5,"y":8,"t":1,"a":0},{"x":5,"y":9,"t":1,"a":0},{"x":5,"y":10,"t":1,"a":0},{"x":5,"y":11,"t":1,"a":0},{"x":5,"y":12,"t":1,"a":0},{"x":5,"y":13,"t":1,"a":0},{"x":5,"y":14,"t":1,"a":0},{"x":5,"y":15,"t":1,"a":0},{"x":5,"y":16,"t":1,"a":0}],"wavetable":[{"x":0,"y":0,"s":50},{"x":0,"y":1,"v":1,"a":0},{"x":0,"y":2,"v":1,"a":1},{"x":0,"y":3,"v":1,"a":0},{"x":0,"y":4,"v":1,"a":0},{"x":0,"y":5,"v":1,"a":0},{"x":0,"y":6,"v":1,"a":0},{"x":0,"y":7,"v":1,"a":0},{"x":0,"y":8,"v":1,"a":0},{"x":0,"y":9,"v":1,"a":0},{"x":0,"y":10,"v":1,"a":0},{"x":0,"y":11,"v":1,"a":0},{"x":0,"y":12,"v":1,"a":0},{"x":0,"y":13,"v":1,"a":0},{"x":0,"y":14,"v":1,"a":0},{"x":0,"y":15,"v":1,"a":0},{"x":0,"y":16,"v":1,"a":0},{"x":0,"y":17,"v":1,"a":0},{"x":1,"y":0,"s":50},{"x":1,"y":1,"v":1,"a":0},{"x":1,"y":2,"v":1,"a":1},{"x":1,"y":3,"v":1,"a":0},{"x":1,"y":4,"v":1,"a":0},{"x":1,"y":5,"v":1,"a":0},{"x":1,"y":6,"v":1,"a":0},{"x":1,"y":7,"v":1,"a":0},{"x":1,"y":8,"v":1,"a":0},{"x":1,"y":9,"v":1,"a":0},{"x":1,"y":10,"v":1,"a":0},{"x":1,"y":11,"v":1,"a":0},{"x":1,"y":12,"v":1,"a":0},{"x":1,"y":13,"v":1,"a":0},{"x":1,"y":14,"v":1,"a":0},{"x":1,"y":15,"v":1,"a":0},{"x":1,"y":16,"v":1,"a":0},{"x":1,"y":17,"v":1,"a":0},{"x":2,"y":0,"s":50},{"x":2,"y":1,"v":1,"a":0},{"x":2,"y":2,"v":1,"a":1},{"x":2,"y":3,"v":1,"a":0},{"x":2,"y":4,"v":1,"a":0},{"x":2,"y":5,"v":1,"a":0},{"x":2,"y":6,"v":1,"a":0},{"x":2,"y":7,"v":1,"a":0},{"x":2,"y":8,"v":1,"a":0},{"x":2,"y":9,"v":1,"a":0},{"x":2,"y":10,"v":1,"a":0},{"x":2,"y":11,"v":1,"a":0},{"x":2,"y":12,"v":1,"a":0},{"x":2,"y":13,"v":1,"a":0},{"x":2,"y":14,"v":1,"a":0},{"x":2,"y":15,"v":1,"a":0},{"x":2,"y":16,"v":1,"a":0},{"x":2,"y":17,"v":1,"a":0},{"x":3,"y":0,"s":50},{"x":3,"y":1,"v":1,"a":0},{"x":3,"y":2,"v":1,"a":1},{"x":3,"y":3,"v":1,"a":0},{"x":3,"y":4,"v":1,"a":0},{"x":3,"y":5,"v":1,"a":0},{"x":3,"y":6,"v":1,"a":0},{"x":3,"y":7,"v":1,"a":0},{"x":3,"y":8,"v":1,"a":0},{"x":3,"y":9,"v":1,"a":0},{"x":3,"y":10,"v":1,"a":0},{"x":3,"y":11,"v":1,"a":0},{"x":3,"y":12,"v":1,"a":0},{"x":3,"y":13,"v":1,"a":0},{"x":3,"y":14,"v":1,"a":0},{"x":3,"y":15,"v":1,"a":0},{"x":3,"y":16,"v":1,"a":0},{"x":3,"y":17,"v":1,"a":0},{"x":4,"y":0,"s":50},{"x":4,"y":1,"v":1,"a":0},{"x":4,"y":2,"v":1,"a":1},{"x":4,"y":3,"v":1,"a":0},{"x":4,"y":4,"v":1,"a":0},{"x":4,"y":5,"v":1,"a":0},{"x":4,"y":6,"v":1,"a":0},{"x":4,"y":7,"v":1,"a":0},{"x":4,"y":8,"v":1,"a":0},{"x":4,"y":9,"v":1,"a":0},{"x":4,"y":10,"v":1,"a":0},{"x":4,"y":11,"v":1,"a":0},{"x":4,"y":12,"v":1,"a":0},{"x":4,"y":13,"v":1,"a":0},{"x":4,"y":14,"v":1,"a":0},{"x":4,"y":15,"v":1,"a":0},{"x":4,"y":16,"v":1,"a":0},{"x":4,"y":17,"v":1,"a":0},{"x":5,"y":0,"s":50},{"x":5,"y":1,"v":1,"a":0},{"x":5,"y":2,"v":1,"a":1},{"x":5,"y":3,"v":1,"a":0},{"x":5,"y":4,"v":1,"a":0},{"x":5,"y":5,"v":1,"a":0},{"x":5,"y":6,"v":1,"a":0},{"x":5,"y":7,"v":1,"a":0},{"x":5,"y":8,"v":1,"a":0},{"x":5,"y":9,"v":1,"a":0},{"x":5,"y":10,"v":1,"a":0},{"x":5,"y":11,"v":1,"a":0},{"x":5,"y":12,"v":1,"a":0},{"x":5,"y":13,"v":1,"a":0},{"x":5,"y":14,"v":1,"a":0},{"x":5,"y":15,"v":1,"a":0},{"x":5,"y":16,"v":1,"a":0},{"x":5,"y":17,"v":1,"a":0},{"x":6,"y":0,"s":50},{"x":6,"y":1,"v":1,"a":0},{"x":6,"y":2,"v":1,"a":1},{"x":6,"y":3,"v":1,"a":0},{"x":6,"y":4,"v":1,"a":0},{"x":6,"y":5,"v":1,"a":0},{"x":6,"y":6,"v":1,"a":0},{"x":6,"y":7,"v":1,"a":0},{"x":6,"y":8,"v":1,"a":0},{"x":6,"y":9,"v":1,"a":0},{"x":6,"y":10,"v":1,"a":0},{"x":6,"y":11,"v":1,"a":0},{"x":6,"y":12,"v":1,"a":0},{"x":6,"y":13,"v":1,"a":0},{"x":6,"y":14,"v":1,"a":0},{"x":6,"y":15,"v":1,"a":0},{"x":6,"y":16,"v":1,"a":0},{"x":6,"y":17,"v":1,"a":0},{"x":7,"y":0,"s":50},{"x":7,"y":1,"v":1,"a":0},{"x":7,"y":2,"v":1,"a":1},{"x":7,"y":3,"v":1,"a":0},{"x":7,"y":4,"v":1,"a":0},{"x":7,"y":5,"v":1,"a":0},{"x":7,"y":6,"v":1,"a":0},{"x":7,"y":7,"v":1,"a":0},{"x":7,"y":8,"v":1,"a":0},{"x":7,"y":9,"v":1,"a":0},{"x":7,"y":10,"v":1,"a":0},{"x":7,"y":11,"v":1,"a":0},{"x":7,"y":12,"v":1,"a":0},{"x":7,"y":13,"v":1,"a":0},{"x":7,"y":14,"v":1,"a":0},{"x":7,"y":15,"v":1,"a":0},{"x":7,"y":16,"v":1,"a":0},{"x":7,"y":17,"v":1,"a":0},{"x":8,"y":0,"s":50},{"x":8,"y":1,"v":1,"a":0},{"x":8,"y":2,"v":1,"a":1},{"x":8,"y":3,"v":1,"a":0},{"x":8,"y":4,"v":1,"a":0},{"x":8,"y":5,"v":1,"a":0},{"x":8,"y":6,"v":1,"a":0},{"x":8,"y":7,"v":1,"a":0},{"x":8,"y":8,"v":1,"a":0},{"x":8,"y":9,"v":1,"a":0},{"x":8,"y":10,"v":1,"a":0},{"x":8,"y":11,"v":1,"a":0},{"x":8,"y":12,"v":1,"a":0},{"x":8,"y":13,"v":1,"a":0},{"x":8,"y":14,"v":1,"a":0},{"x":8,"y":15,"v":1,"a":0},{"x":8,"y":16,"v":1,"a":0},{"x":8,"y":17,"v":1,"a":0},{"x":9,"y":0,"s":50},{"x":9,"y":1,"v":1,"a":0},{"x":9,"y":2,"v":1,"a":1},{"x":9,"y":3,"v":1,"a":0},{"x":9,"y":4,"v":1,"a":0},{"x":9,"y":5,"v":1,"a":0},{"x":9,"y":6,"v":1,"a":0},{"x":9,"y":7,"v":1,"a":0},{"x":9,"y":8,"v":1,"a":0},{"x":9,"y":9,"v":1,"a":0},{"x":9,"y":10,"v":1,"a":0},{"x":9,"y":11,"v":1,"a":0},{"x":9,"y":12,"v":1,"a":0},{"x":9,"y":13,"v":1,"a":0},{"x":9,"y":14,"v":1,"a":0},{"x":9,"y":15,"v":1,"a":0},{"x":9,"y":16,"v":1,"a":0},{"x":9,"y":17,"v":1,"a":0},{"x":10,"y":0,"s":50},{"x":10,"y":1,"v":1,"a":0},{"x":10,"y":2,"v":1,"a":1},{"x":10,"y":3,"v":1,"a":0},{"x":10,"y":4,"v":1,"a":0},{"x":10,"y":5,"v":1,"a":0},{"x":10,"y":6,"v":1,"a":0},{"x":10,"y":7,"v":1,"a":0},{"x":10,"y":8,"v":1,"a":0},{"x":10,"y":9,"v":1,"a":0},{"x":10,"y":10,"v":1,"a":0},{"x":10,"y":11,"v":1,"a":0},{"x":10,"y":12,"v":1,"a":0},{"x":10,"y":13,"v":1,"a":0},{"x":10,"y":14,"v":1,"a":0},{"x":10,"y":15,"v":1,"a":0},{"x":10,"y":16,"v":1,"a":0},{"x":10,"y":17,"v":1,"a":0},{"x":11,"y":0,"s":50},{"x":11,"y":1,"v":1,"a":0},{"x":11,"y":2,"v":1,"a":1},{"x":11,"y":3,"v":1,"a":0},{"x":11,"y":4,"v":1,"a":0},{"x":11,"y":5,"v":1,"a":0},{"x":11,"y":6,"v":1,"a":0},{"x":11,"y":7,"v":1,"a":0},{"x":11,"y":8,"v":1,"a":0},{"x":11,"y":9,"v":1,"a":0},{"x":11,"y":10,"v":1,"a":0},{"x":11,"y":11,"v":1,"a":0},{"x":11,"y":12,"v":1,"a":0},{"x":11,"y":13,"v":1,"a":0},{"x":11,"y":14,"v":1,"a":0},{"x":11,"y":15,"v":1,"a":0},{"x":11,"y":16,"v":1,"a":0},{"x":11,"y":17,"v":1,"a":0}]}