{"build":19,"file_version":4,"master_amp_percent":61,"solo_voice":-1,"solo_track":-1,"track_height":64,"arp":10,"track_highlight_interval":4,"active_tempo_column":0,"nodes":[{"p":0,"c":0,"r":0,"n":48,"t":1,"i":0,"e":45,"f":-1,"g":45,"h":-1,"j":45,"k":-1},{"p":0,"c":0,"r":1,"n":29,"t":1,"i":1,"e":45,"f":-1,"g":45,"h":-1,"j":45,"k":-1},{"p":0,"c":0,"r":2,"n":17,"t":1,"i":1,"e":45,"f":-1,"g":45,"h":-1,"j":45,"k":-1},{"p":0,"c":0,"r":3,"n":29,"t":1,"i":1,"e":45,"f":-1,"g":45,"h":-1,"j":45,"k":-1},{"p":0,"c":0,"r":4,"n":48,"t":1,"i":0,"e":45,"f":-1,"g":45,"h":-1,"j":45,"k":-1},{"p":0,"c":0,"r":5,"n":29,"t":1,"i":1,"e":45,"f":-1,"g":45,"h":-1,"j":45,"k":-1},{"p":0,"c":0,"r":7,"n":17,"t":1,"i":1,"e":45,"f":-1,"g":45,"h":-1,"j":45,"k":-1},{"p":0,"c":0,"r":8,"n":48,"t":1,"i":0,"e":45,"f":-1,"g":45,"h":-1,"j":45,"k":-1},{"p":0,"c":0,"r":9,"n":29,"t":1,"i":1,"e":45,"f":-1,"g":45,"h":-1,"j":45,"k":-1},{"p":0,"c":0,"r":10,"n":17,"t":1,"i":1,"e":45,"f":-1,"g":45,"h":-1,"j":45,"k":-1},{"p":0,"c":0,"r":11,"n":29,"t":1,"i":1,"e":45,"f":-1,"g":45,"h":-1,"j":45,"k":-1},{"p":0,"c":0,"r":12,"n":48,"t":1,"i":0,"e":45,"f":-1,"g":45,"h":-1,"j":45,"k":-1},{"p":0,"c":0,"r":13,"n":32,"t":1,"i":1,"e":45,"f":-1,"g":45,"h":-1,"j":45,"k":-1},{"p":0,"c":0,"r":15,"n":32,"t":1,"i":1,"e":45,"f":-1,"g":45,"h":-1,"j":45,"k":-1},{"p":0,"c":0,"r":16,"n":48,"t":1,"i":0,"e":45,"f":-1,"g":45,"h":-1,"j":45,"k":-1},{"p":0,"c":0,"r":17,"n":29,"t":1,"i":1,"e":45,"f":-1,"g":45,"h":-1,"j":45,"k":-1},{"p":0,"c":0,"r":18,"n":17,"t":1,"i":1,"e":45,"f":-1,"g":45,"h":-1,"j":45,"k":-1},{"p":0,"c":0,"r":19,"n":29,"t":1,"i":1,"e":45,"f":-1,"g":45,"h":-1,"j":45,"k":-1},{"p":0,"c":0,"r":20,"n":48,"t":1,"i":0,"e":45,"f":-1,"g":45,"h":-1,"j":45,"k":-1},{"p":0,"c":0,"r":21,"n":29,"t":1,"i":1,"e":45,"f":-1,"g":45,"h":-1,"j":45,"k":-1},{"p":0,"c":0,"r":23,"n":17,"t":1,"i":1,"e":45,"f":-1,"g":45,"h":-1,"j":45,"k":-1},{"p":0,"c":0,"r":24,"n":48,"t":1,"i":0,"e":45,"f":-1,"g":45,"h":-1,"j":45,"k":-1},{"p":0,"c":0,"r":25,"n":25,"t":1,"i":1,"e":45,"f":-1,"g":45,"h":-1,"j":45,"k":-1},{"p":0,"c":0,"r":26,"n":13,"t":1,"i":1,"e":45,"f":-1,"g":45,"h":-1,"j":45,"k":-1},{"p":0,"c":0,"r":27,"n":25,"t":1,"i":1,"e":45,"f":-1,"g":45,"h":-1,"j":45,"k":-1},{"p":0,"c":0,"r":28,"n":37,"t":1,"i":1,"e":45,"f":-1,"g":45,"h":-1,"j":45,"k":-1},{"p":0,"c":0,"r":29,"n":48,"t":1,"i":0,"e":45,"f":-1,"g":45,"h":-1,"j":45,"k":-1},{"p":0,"c":0,"r":31,"n":42,"t":1,"i":1,"e":45,"f":-1,"g":45,"h":-1,"j":45,"k":-1},{"p":0,"c":0,"r":32,"n":48,"t":1,"i":0,"e":45,"f":-1,"g":45,"h":-1,"j":45,"k":-1},{"p":0,"c":0,"r":33,"n":41,"t":1,"i":1,"e":45,"f":-1,"g":45,"h":-1,"j":45,"k":-1},{"p":0,"c":0,"r":34,"n":29,"t":1,"i":1,"e":45,"f":-1,"g":45,"h":-1,"j":45,"k":-1},{"p":0,"c":0,"r":35,"n":41,"t":1,"i":1,"e":45,"f":-1,"g":45,"h":-1,"j":45,"k":-1},{"p":0,"c":0,"r":36,"n":48,"t":1,"i":0,"e":45,"f":-1,"g":45,"h":-1,"j":45,"k":-1},{"p":0,"c":0,"r":37,"n":41,"t":1,"i":1,"e":45,"f":-1,"g":45,"h":-1,"j":45,"k":-1},{"p":0,"c":0,"r":39,"n":29,"t":1,"i":1,"e":45,"f":-1,"g":45,"h":-1,"j":45,"k":-1},{"p":0,"c":0,"r":40,"n":48,"t":1,"i":0,"e":45,"f":-1,"g":45,"h":-1,"j":45,"k":-1},{"p":0,"c":0,"r":41,"n":29,"t":1,"i":1,"e":45,"f":-1,"g":45,"h":-1,"j":45,"k":-1},{"p":0,"c":0,"r":42,"n":17,"t":1,"i":1,"e":45,"f":-1,"g":45,"h":-1,"j":45,"k":-1},{"p":0,"c":0,"r":43,"n":29,"t":1,"i":1,"e":45,"f":-1,"g":45,"h":-1,"j":45,"k":-1},{"p":0,"c":0,"r":44,"n":48,"t":1,"i":0,"e":45,"f":-1,"g":45,"h":-1,"j":45,"k":-1},{"p":0,"c":0,"r":45,"n":32,"t":1,"i":1,"e":45,"f":-1,"g":45,"h":-1,"j":45,"k":-1},{"p":0,"c":0,"r":47,"n":32,"t":1,"i":1,"e":45,"f":-1,"g":45,"h":-1,"j":45,"k":-1},{"p":0,"c":0,"r":48,"n":48,"t":1,"i":0,"e":45,"f":-1,"g":45,"h":-1,"j":45,"k":-1},{"p":0,"c":0,"r":49,"n":29,"t":1,"i":1,"e":45,"f":-1,"g":45,"h":-1,"j":45,"k":-1},{"p":0,"c":0,"r":50,"n":17,"t":1,"i":1,"e":45,"f":-1,"g":45,"h":-1,"j":45,"k":-1},{"p":0,"c":0,"r":51,"n":29,"t":1,"i":1,"e":45,"f":-1,"g":45,"h":-1,"j":45,"k":-1},{"p":0,"c":0,"r":52,"n":48,"t":1,"i":0,"e":45,"f":-1,"g":45,"h":-1,"j":45,"k":-1},{"p":0,"c":0,"r":53,"n":29,"t":1,"i":1,"e":45,"f":-1,"g":45,"h":-1,"j":45,"k":-1},{"p":0,"c":0,"r":55,"n":29,"t":1,"i":1,"e":45,"f":-1,"g":45,"h":-1,"j":45,"k":-1},{"p":0,"c":0,"r":56,"n":48,"t":1,"i":0,"e":45,"f":-1,"g":45,"h":-1,"j":45,"k":-1},{"p":0,"c":0,"r":57,"n":72,"t":1,"i":0,"e":65,"f":10,"g":65,"h":10,"j":52,"k":4},{"p":0,"c":0,"r":59,"n":48,"t":1,"i":0,"e":45,"f":-1,"g":45,"h":-1,"j":45,"k":-1},{"p":0,"c":0,"r":60,"n":60,"t":1,"i":0,"e":65,"f":10,"g":56,"h":8,"j":53,"k":5},{"p":0,"c":0,"r":61,"n":55,"t":1,"i":0,"e":65,"f":10,"g":56,"h":8,"j":70,"k":15},{"p":0,"c":0,"r":62,"n":48,"t":1,"i":0,"e":45,"f":-1,"g":45,"h":-1,"j":45,"k":-1},{"p":0,"c":1,"r":0,"n":17,"t":1,"i":2,"e":65,"f":10,"g":65,"h":10,"j":70,"k":15},{"p":0,"c":1,"r":3,"n":29,"t":1,"i":2,"e":65,"f":10,"g":65,"h":10,"j":70,"k":15},{"p":0,"c":1,"r":6,"n":17,"t":1,"i":2,"e":65,"f":10,"g":70,"h":15,"j":65,"k":10},{"p":0,"c":1,"r":9,"n":17,"t":1,"i":2,"e":65,"f":10,"g":70,"h":15,"j":65,"k":10},{"p":0,"c":1,"r":12,"n":20,"t":1,"i":2,"e":65,"f":10,"g":65,"h":10,"j":70,"k":15},{"p":0,"c":1,"r":15,"n":17,"t":1,"i":2,"e":65,"f":10,"g":65,"h":10,"j":70,"k":15},{"p":0,"c":1,"r":18,"n":17,"t":1,"i":2,"e":65,"f":10,"g":70,"h":15,"j":65,"k":10},{"p":0,"c":1,"r":21,"n":17,"t":1,"i":2,"e":65,"f":10,"g":70,"h":15,"j":65,"k":10},{"p":0,"c":1,"r":24,"n":13,"t":1,"i":2,"e":65,"f":10,"g":65,"h":10,"j":70,"k":15},{"p":0,"c":1,"r":27,"n":13,"t":1,"i":2,"e":65,"f":10,"g":65,"h":10,"j":70,"k":15},{"p":0,"c":1,"r":30,"n":30,"t":1,"i":2,"e":65,"f":10,"g":70,"h":15,"j":65,"k":10},{"p":0,"c":1,"r":32,"n":17,"t":1,"i":2,"e":65,"f":10,"g":70,"h":15,"j":65,"k":10},{"p":0,"c":1,"r":35,"n":29,"t":1,"i":2,"e":65,"f":10,"g":65,"h":10,"j":70,"k":15},{"p":0,"c":1,"r":38,"n":17,"t":1,"i":2,"e":65,"f":10,"g":65,"h":10,"j":70,"k":15},{"p":0,"c":1,"r":41,"n":17,"t":1,"i":2,"e":65,"f":10,"g":70,"h":15,"j":65,"k":10},{"p":0,"c":1,"r":44,"n":20,"t":1,"i":2,"e":65,"f":10,"g":70,"h":15,"j":65,"k":10},{"p":0,"c":1,"r":47,"n":17,"t":1,"i":2,"e":65,"f":10,"g":65,"h":10,"j":70,"k":15},{"p":0,"c":1,"r":50,"n":17,"t":1,"i":2,"e":65,"f":10,"g":65,"h":10,"j":70,"k":15},{"p":0,"c":1,"r":53,"n":29,"t":1,"i":2,"e":45,"f":-1,"g":45,"h":-1,"j":45,"k":-1},{"p":0,"c":2,"r":0,"n":48,"t":1,"i":7,"e":65,"f":10,"g":70,"h":15,"j":56,"k":8},{"p":0,"c":2,"r":1,"n":41,"t":1,"i":4,"e":65,"f":10,"g":70,"h":15,"j":56,"k":8},{"p":0,"c":2,"r":3,"n":48,"t":1,"i":4,"e":65,"f":10,"g":56,"h":8,"j":70,"k":15},{"p":0,"c":2,"r":4,"n":41,"t":1,"i":8,"e":65,"f":10,"g":56,"h":8,"j":70,"k":15},{"p":0,"c":2,"r":6,"n":48,"t":1,"i":4,"e":65,"f":10,"g":70,"h":15,"j":56,"k":8},{"p":0,"c":2,"r":7,"n":41,"t":1,"i":8,"e":65,"f":10,"g":70,"h":15,"j":56,"k":8},{"p":0,"c":2,"r":9,"n":48,"t":1,"i":8,"e":65,"f":10,"g":56,"h":8,"j":70,"k":15},{"p":0,"c":2,"r":10,"n":41,"t":1,"i":4,"e":65,"f":10,"g":56,"h":8,"j":70,"k":15},{"p":0,"c":2,"r":12,"n":44,"t":1,"i":5,"e":65,"f":10,"g":70,"h":15,"j":56,"k":8},{"p":0,"c":2,"r":13,"n":39,"t":1,"i":4,"e":65,"f":10,"g":70,"h":15,"j":56,"k":8},{"p":0,"c":2,"r":15,"n":48,"t":1,"i":6,"e":65,"f":10,"g":56,"h":8,"j":70,"k":15},{"p":0,"c":2,"r":16,"n":41,"t":1,"i":8,"e":65,"f":10,"g":56,"h":8,"j":70,"k":15},{"p":0,"c":2,"r":18,"n":48,"t":1,"i":4,"e":65,"f":10,"g":70,"h":15,"j":56,"k":8},{"p":0,"c":2,"r":19,"n":41,"t":1,"i":8,"e":65,"f":10,"g":70,"h":15,"j":56,"k":8},{"p":0,"c":2,"r":20,"n":56,"t":1,"i":5,"e":65,"f":10,"g":70,"h":15,"j":56,"k":8},{"p":0,"c":2,"r":21,"n":48,"t":1,"i":4,"e":65,"f":10,"g":70,"h":15,"j":56,"k":8},{"p":0,"c":2,"r":22,"n":41,"t":1,"i":8,"e":65,"f":10,"g":70,"h":15,"j":56,"k":8},{"p":0,"c":2,"r":24,"n":49,"t":1,"i":5,"e":65,"f":10,"g":56,"h":8,"j":70,"k":15},{"p":0,"c":2,"r":25,"n":37,"t":1,"i":6,"e":65,"f":10,"g":56,"h":8,"j":70,"k":15},{"p":0,"c":2,"r":26,"n":65,"t":1,"i":7,"e":65,"f":10,"g":53,"h":5,"j":53,"k":5},{"p":0,"c":2,"r":27,"n":49,"t":1,"i":8,"e":65,"f":10,"g":70,"h":15,"j":56,"k":8},{"p":0,"c":2,"r":28,"n":37,"t":1,"i":5,"e":65,"f":10,"g":70,"h":15,"j":56,"k":8},{"p":0,"c":2,"r":29,"n":68,"t":1,"i":6,"e":65,"f":10,"g":70,"h":15,"j":56,"k":8},{"p":0,"c":2,"r":30,"n":66,"t":1,"i":4,"e":65,"f":10,"g":56,"h":8,"j":70,"k":15},{"p":0,"c":2,"r":31,"n":61,"t":1,"i":4,"e":65,"f":10,"g":56,"h":8,"j":70,"k":15},{"p":0,"c":2,"r":32,"n":48,"t":1,"i":4,"e":65,"f":10,"g":56,"h":8,"j":70,"k":15},{"p":0,"c":2,"r":33,"n":41,"t":1,"i":4,"e":65,"f":10,"g":70,"h":15,"j":45,"k":-1},{"p":0,"c":2,"r":35,"n":48,"t":1,"i":6,"e":65,"f":10,"g":56,"h":8,"j":70,"k":15},{"p":0,"c":2,"r":36,"n":41,"t":1,"i":7,"e":65,"f":10,"g":56,"h":8,"j":55,"k":7},{"p":0,"c":2,"r":38,"n":48,"t":1,"i":8,"e":65,"f":10,"g":70,"h":15,"j":56,"k":8},{"p":0,"c":2,"r":39,"n":41,"t":1,"i":5,"e":65,"f":10,"g":70,"h":15,"j":56,"k":8},{"p":0,"c":2,"r":41,"n":48,"t":1,"i":7,"e":65,"f":10,"g":56,"h":8,"j":70,"k":15},{"p":0,"c":2,"r":42,"n":41,"t":1,"i":8,"e":65,"f":10,"g":56,"h":8,"j":70,"k":15},{"p":0,"c":2,"r":44,"n":44,"t":1,"i":5,"e":65,"f":10,"g":70,"h":15,"j":56,"k":8},{"p":0,"c":2,"r":45,"n":39,"t":1,"i":6,"e":65,"f":10,"g":70,"h":15,"j":56,"k":8},{"p":0,"c":2,"r":47,"n":48,"t":1,"i":8,"e":65,"f":10,"g":56,"h":8,"j":70,"k":15},{"p":0,"c":2,"r":48,"n":41,"t":1,"i":7,"e":65,"f":10,"g":56,"h":8,"j":55,"k":7},{"p":0,"c":2,"r":50,"n":48,"t":1,"i":6,"e":65,"f":10,"g":70,"h":15,"j":56,"k":8},{"p":0,"c":2,"r":51,"n":41,"t":1,"i":6,"e":65,"f":10,"g":70,"h":15,"j":56,"k":8},{"p":0,"c":2,"r":52,"n":56,"t":1,"i":5,"e":65,"f":10,"g":56,"h":8,"j":70,"k":15},{"p":0,"c":2,"r":53,"n":48,"t":1,"i":7,"e":65,"f":10,"g":56,"h":8,"j":70,"k":15},{"p":0,"c":2,"r":54,"n":41,"t":1,"i":8,"e":65,"f":10,"g":56,"h":8,"j":70,"k":15},{"p":0,"c":2,"r":56,"n":17,"t":1,"i":6,"e":69,"f":14,"g":50,"h":2,"j":53,"k":5},{"p":0,"c":3,"r":0,"n":65,"t":1,"i":9,"e":45,"f":-1,"g":45,"h":-1,"j":45,"k":-1},{"p":0,"c":3,"r":2,"n":60,"t":0,"i":0,"e":65,"f":10,"g":45,"h":-1,"j":45,"k":-1},{"p":0,"c":3,"r":3,"n":60,"t":1,"i":9,"e":45,"f":-1,"g":45,"h":-1,"j":45,"k":-1},{"p":0,"c":3,"r":6,"n":63,"t":1,"i":9,"e":51,"f":3,"g":52,"h":4,"j":52,"k":4},{"p":0,"c":3,"r":10,"n":0,"t":0,"i":0,"e":52,"f":4,"g":50,"h":2,"j":50,"k":2},{"p":0,"c":3,"r":24,"n":61,"t":1,"i":5,"e":45,"f":-1,"g":45,"h":-1,"j":45,"k":-1},{"p":0,"c":3,"r":26,"n":65,"t":1,"i":5,"e":45,"f":-1,"g":45,"h":-1,"j":45,"k":-1},{"p":0,"c":3,"r":27,"n":73,"t":1,"i":5,"e":45,"f":-1,"g":45,"h":-1,"j":45,"k":-1},{"p":0,"c":3,"r":29,"n":68,"t":1,"i":5,"e":45,"f":-1,"g":45,"h":-1,"j":45,"k":-1},{"p":0,"c":3,"r":30,"n":66,"t":1,"i":5,"e":45,"f":-1,"g":45,"h":-1,"j":45,"k":-1},{"p":0,"c":3,"r":32,"n":65,"t":1,"i":9,"e":45,"f":-1,"g":45,"h":-1,"j":45,"k":-1},{"p":0,"c":3,"r":34,"n":60,"t":0,"i":0,"e":65,"f":10,"g":45,"h":-1,"j":45,"k":-1},{"p":0,"c":3,"r":35,"n":60,"t":1,"i":9,"e":45,"f":-1,"g":45,"h":-1,"j":45,"k":-1},{"p":0,"c":3,"r":38,"n":63,"t":1,"i":9,"e":51,"f":3,"g":51,"h":3,"j":52,"k":4},{"p":0,"c":3,"r":42,"n":0,"t":0,"i":0,"e":52,"f":4,"g":50,"h":2,"j":50,"k":2},{"p":0,"c":3,"r":48,"n":72,"t":1,"i":5,"e":45,"f":-1,"g":45,"h":-1,"j":45,"k":-1},{"p":0,"c":3,"r":51,"n":66,"t":1,"i":5,"e":65,"f":10,"g":70,"h":15,"j":65,"k":10},{"p":0,"c":3,"r":54,"n":65,"t":1,"i":5,"e":65,"f":10,"g":65,"h":10,"j":70,"k":15},{"p":0,"c":4,"r":4,"n":48,"t":1,"i":3,"e":45,"f":-1,"g":45,"h":-1,"j":45,"k":-1},{"p":0,"c":4,"r":12,"n":48,"t":1,"i":3,"e":45,"f":-1,"g":45,"h":-1,"j":45,"k":-1},{"p":0,"c":4,"r":20,"n":48,"t":1,"i":3,"e":45,"f":-1,"g":45,"h":-1,"j":45,"k":-1},{"p":0,"c":4,"r":28,"n":48,"t":1,"i":3,"e":45,"f":-1,"g":45,"h":-1,"j":45,"k":-1},{"p":0,"c":4,"r":36,"n":48,"t":1,"i":3,"e":45,"f":-1,"g":45,"h":-1,"j":45,"k":-1},{"p":0,"c":4,"r":44,"n":48,"t":1,"i":3,"e":45,"f":-1,"g":45,"h":-1,"j":45,"k":-1},{"p":0,"c":4,"r":52,"n":48,"t":1,"i":3,"e":45,"f":-1,"g":45,"h":-1,"j":45,"k":-1},{"p":0,"c":5,"r":0,"n":48,"t":1,"i":4,"e":45,"f":-1,"g":45,"h":-1,"j":45,"k":-1},{"p":0,"c":5,"r":8,"n":48,"t":1,"i":4,"e":45,"f":-1,"g":45,"h":-1,"j":45,"k":-1},{"p":0,"c":5,"r":16,"n":48,"t":1,"i":4,"e":45,"f":-1,"g":45,"h":-1,"j":45,"k":-1},{"p":0,"c":5,"r":24,"n":48,"t":1,"i":4,"e":45,"f":-1,"g":45,"h":-1,"j":45,"k":-1},{"p":0,"c":5,"r":32,"n":48,"t":1,"i":4,"e":45,"f":-1,"g":45,"h":-1,"j":45,"k":-1},{"p":0,"c":5,"r":40,"n":48,"t":1,"i":4,"e":45,"f":-1,"g":45,"h":-1,"j":45,"k":-1},{"p":0,"c":5,"r":48,"n":48,"t":1,"i":4,"e":45,"f":-1,"g":45,"h":-1,"j":45,"k":-1},{"p":0,"c":5,"r":56,"n":48,"t":1,"i":4,"e":45,"f":-1,"g":45,"h":-1,"j":45,"k":-1},{"p":1,"c":0,"r":0,"n":48,"t":1,"i":0,"e":45,"f":-1,"g":45,"h":-1,"j":45,"k":-1},{"p":1,"c":0,"r":1,"n":17,"t":1,"i":1,"e":65,"f":10,"g":56,"h":8,"j":56,"k":8},{"p":1,"c":0,"r":2,"n":17,"t":1,"i":1,"e":65,"f":10,"g":65,"h":10,"j":65,"k":10},{"p":1,"c":0,"r":3,"n":17,"t":1,"i":1,"e":65,"f":10,"g":70,"h":15,"j":70,"k":15},{"p":1,"c":0,"r":6,"n":48,"t":1,"i":0,"e":45,"f":-1,"g":45,"h":-1,"j":45,"k":-1},{"p":1,"c":0,"r":7,"n":17,"t":1,"i":1,"e":65,"f":10,"g":56,"h":8,"j":56,"k":8},{"p":1,"c":0,"r":8,"n":17,"t":1,"i":1,"e":65,"f":10,"g":65,"h":10,"j":65,"k":10},{"p":1,"c":0,"r":9,"n":17,"t":1,"i":1,"e":65,"f":10,"g":70,"h":15,"j":70,"k":15},{"p":1,"c":0,"r":12,"n":48,"t":1,"i":0,"e":45,"f":-1,"g":45,"h":-1,"j":45,"k":-1},{"p":1,"c":0,"r":13,"n":17,"t":1,"i":1,"e":65,"f":10,"g":56,"h":8,"j":56,"k":8},{"p":1,"c":0,"r":14,"n":17,"t":1,"i":1,"e":65,"f":10,"g":65,"h":10,"j":65,"k":10},{"p":1,"c":0,"r":15,"n":17,"t":1,"i":1,"e":65,"f":10,"g":70,"h":15,"j":70,"k":15},{"p":1,"c":0,"r":18,"n":48,"t":1,"i":0,"e":45,"f":-1,"g":45,"h":-1,"j":45,"k":-1},{"p":1,"c":0,"r":19,"n":17,"t":1,"i":1,"e":65,"f":10,"g":56,"h":8,"j":56,"k":8},{"p":1,"c":0,"r":20,"n":17,"t":1,"i":1,"e":65,"f":10,"g":65,"h":10,"j":65,"k":10},{"p":1,"c":0,"r":21,"n":17,"t":1,"i":1,"e":65,"f":10,"g":70,"h":15,"j":70,"k":15},{"p":1,"c":0,"r":24,"n":48,"t":1,"i":0,"e":45,"f":-1,"g":45,"h":-1,"j":45,"k":-1},{"p":1,"c":0,"r":25,"n":18,"t":1,"i":1,"e":45,"f":-1,"g":45,"h":-1,"j":45,"k":-1},{"p":1,"c":0,"r":26,"n":18,"t":1,"i":1,"e":45,"f":-1,"g":45,"h":-1,"j":45,"k":-1},{"p":1,"c":0,"r":27,"n":18,"t":1,"i":1,"e":45,"f":-1,"g":45,"h":-1,"j":45,"k":-1},{"p":1,"c":0,"r":28,"n":23,"t":1,"i":1,"e":45,"f":-1,"g":45,"h":-1,"j":45,"k":-1},{"p":1,"c":0,"r":29,"n":23,"t":1,"i":1,"e":45,"f":-1,"g":45,"h":-1,"j":45,"k":-1},{"p":1,"c":0,"r":30,"n":23,"t":1,"i":1,"e":45,"f":-1,"g":45,"h":-1,"j":45,"k":-1},{"p":1,"c":0,"r":31,"n":23,"t":1,"i":1,"e":45,"f":-1,"g":45,"h":-1,"j":45,"k":-1},{"p":1,"c":0,"r":32,"n":48,"t":1,"i":0,"e":45,"f":-1,"g":45,"h":-1,"j":45,"k":-1},{"p":1,"c":0,"r":33,"n":17,"t":1,"i":1,"e":65,"f":10,"g":56,"h":8,"j":56,"k":8},{"p":1,"c":0,"r":34,"n":17,"t":1,"i":1,"e":65,"f":10,"g":65,"h":10,"j":65,"k":10},{"p":1,"c":0,"r":35,"n":17,"t":1,"i":1,"e":65,"f":10,"g":70,"h":15,"j":70,"k":15},{"p":1,"c":0,"r":38,"n":48,"t":1,"i":0,"e":45,"f":-1,"g":45,"h":-1,"j":45,"k":-1},{"p":1,"c":0,"r":39,"n":17,"t":1,"i":1,"e":65,"f":10,"g":56,"h":8,"j":56,"k":8},{"p":1,"c":0,"r":40,"n":17,"t":1,"i":1,"e":65,"f":10,"g":65,"h":10,"j":65,"k":10},{"p":1,"c":0,"r":41,"n":17,"t":1,"i":1,"e":65,"f":10,"g":70,"h":15,"j":70,"k":15},{"p":1,"c":0,"r":44,"n":48,"t":1,"i":0,"e":45,"f":-1,"g":45,"h":-1,"j":45,"k":-1},{"p":1,"c":0,"r":45,"n":17,"t":1,"i":1,"e":65,"f":10,"g":65,"h":10,"j":65,"k":10},{"p":1,"c":0,"r":46,"n":17,"t":1,"i":1,"e":65,"f":10,"g":70,"h":15,"j":70,"k":15},{"p":1,"c":0,"r":47,"n":17,"t":1,"i":1,"e":65,"f":10,"g":56,"h":8,"j":56,"k":8},{"p":1,"c":0,"r":50,"n":48,"t":1,"i":0,"e":45,"f":-1,"g":45,"h":-1,"j":45,"k":-1},{"p":1,"c":0,"r":51,"n":17,"t":1,"i":1,"e":65,"f":10,"g":56,"h":8,"j":56,"k":8},{"p":1,"c":0,"r":52,"n":17,"t":1,"i":1,"e":65,"f":10,"g":65,"h":10,"j":65,"k":10},{"p":1,"c":0,"r":53,"n":17,"t":1,"i":1,"e":65,"f":10,"g":70,"h":15,"j":70,"k":15},{"p":1,"c":0,"r":56,"n":48,"t":1,"i":0,"e":45,"f":-1,"g":45,"h":-1,"j":45,"k":-1},{"p":1,"c":0,"r":57,"n":18,"t":1,"i":1,"e":45,"f":-1,"g":45,"h":-1,"j":45,"k":-1},{"p":1,"c":0,"r":58,"n":18,"t":1,"i":1,"e":45,"f":-1,"g":45,"h":-1,"j":45,"k":-1},{"p":1,"c":0,"r":59,"n":48,"t":1,"i":0,"e":45,"f":-1,"g":45,"h":-1,"j":45,"k":-1},{"p":1,"c":0,"r":60,"n":18,"t":1,"i":1,"e":45,"f":-1,"g":45,"h":-1,"j":45,"k":-1},{"p":1,"c":0,"r":61,"n":18,"t":1,"i":1,"e":45,"f":-1,"g":45,"h":-1,"j":45,"k":-1},{"p":1,"c":0,"r":62,"n":48,"t":1,"i":0,"e":45,"f":-1,"g":45,"h":-1,"j":45,"k":-1},{"p":1,"c":0,"r":63,"n":18,"t":1,"i":1,"e":45,"f":-1,"g":45,"h":-1,"j":45,"k":-1},{"p":1,"c":1,"r":0,"n":53,"t":1,"i":7,"e":65,"f":10,"g":65,"h":10,"j":65,"k":10},{"p":1,"c":1,"r":3,"n":65,"t":1,"i":7,"e":65,"f":10,"g":70,"h":15,"j":56,"k":8},{"p":1,"c":1,"r":8,"n":63,"t":1,"i":7,"e":65,"f":10,"g":56,"h":8,"j":70,"k":15},{"p":1,"c":1,"r":20,"n":67,"t":1,"i":7,"e":65,"f":10,"g":56,"h":8,"j":70,"k":15},{"p":1,"c":1,"r":23,"n":63,"t":1,"i":7,"e":65,"f":10,"g":56,"h":8,"j":70,"k":15},{"p":1,"c":1,"r":32,"n":53,"t":1,"i":7,"e":65,"f":10,"g":65,"h":10,"j":65,"k":10},{"p":1,"c":1,"r":35,"n":65,"t":1,"i":7,"e":65,"f":10,"g":56,"h":8,"j":70,"k":15},{"p":1,"c":1,"r":40,"n":51,"t":1,"i":7,"e":65,"f":10,"g":70,"h":15,"j":56,"k":8},{"p":1,"c":1,"r":46,"n":53,"t":1,"i":7,"e":65,"f":10,"g":56,"h":8,"j":70,"k":15},{"p":1,"c":1,"r":52,"n":60,"t":1,"i":7,"e":65,"f":10,"g":56,"h":8,"j":70,"k":15},{"p":1,"c":1,"r":55,"n":63,"t":1,"i":7,"e":65,"f":10,"g":70,"h":15,"j":56,"k":8},{"p":1,"c":1,"r":59,"n":66,"t":1,"i":7,"e":65,"f":10,"g":56,"h":8,"j":70,"k":15},{"p":1,"c":1,"r":62,"n":72,"t":1,"i":7,"e":65,"f":10,"g":70,"h":15,"j":56,"k":8},{"p":1,"c":2,"r":0,"n":41,"t":1,"i":8,"e":45,"f":-1,"g":45,"h":-1,"j":45,"k":-1},{"p":1,"c":2,"r":1,"n":41,"t":1,"i":8,"e":45,"f":-1,"g":45,"h":-1,"j":45,"k":-1},{"p":1,"c":2,"r":2,"n":53,"t":1,"i":8,"e":45,"f":-1,"g":45,"h":-1,"j":45,"k":-1},{"p":1,"c":2,"r":3,"n":53,"t":1,"i":8,"e":45,"f":-1,"g":45,"h":-1,"j":45,"k":-1},{"p":1,"c":2,"r":10,"n":41,"t":1,"i":8,"e":65,"f":10,"g":57,"h":9,"j":70,"k":15},{"p":1,"c":2,"r":11,"n":41,"t":1,"i":8,"e":65,"f":10,"g":57,"h":9,"j":70,"k":15},{"p":1,"c":2,"r":12,"n":41,"t":1,"i":8,"e":65,"f":10,"g":57,"h":9,"j":70,"k":15},{"p":1,"c":2,"r":13,"n":41,"t":1,"i":8,"e":65,"f":10,"g":57,"h":9,"j":70,"k":15},{"p":1,"c":2,"r":18,"n":41,"t":1,"i":8,"e":65,"f":10,"g":70,"h":15,"j":57,"k":9},{"p":1,"c":2,"r":19,"n":41,"t":1,"i":8,"e":65,"f":10,"g":70,"h":15,"j":57,"k":9},{"p":1,"c":2,"r":20,"n":53,"t":1,"i":8,"e":65,"f":10,"g":70,"h":15,"j":57,"k":9},{"p":1,"c":2,"r":21,"n":53,"t":1,"i":8,"e":65,"f":10,"g":70,"h":15,"j":57,"k":9},{"p":1,"c":2,"r":24,"n":42,"t":1,"i":8,"e":65,"f":10,"g":51,"h":3,"j":70,"k":15},{"p":1,"c":2,"r":25,"n":42,"t":1,"i":8,"e":65,"f":10,"g":70,"h":15,"j":54,"k":6},{"p":1,"c":2,"r":26,"n":54,"t":1,"i":8,"e":65,"f":10,"g":70,"h":15,"j":53,"k":5},{"p":1,"c":2,"r":27,"n":54,"t":1,"i":8,"e":65,"f":10,"g":50,"h":2,"j":70,"k":15},{"p":1,"c":2,"r":28,"n":47,"t":1,"i":8,"e":65,"f":10,"g":65,"h":10,"j":69,"k":14},{"p":1,"c":2,"r":29,"n":47,"t":1,"i":8,"e":65,"f":10,"g":68,"h":13,"j":53,"k":5},{"p":1,"c":2,"r":30,"n":59,"t":1,"i":8,"e":65,"f":10,"g":70,"h":15,"j":49,"k":1},{"p":1,"c":2,"r":31,"n":59,"t":1,"i":8,"e":65,"f":10,"g":52,"h":4,"j":65,"k":10},{"p":1,"c":2,"r":32,"n":41,"t":1,"i":8,"e":45,"f":-1,"g":45,"h":-1,"j":45,"k":-1},{"p":1,"c":2,"r":33,"n":41,"t":1,"i":8,"e":45,"f":-1,"g":45,"h":-1,"j":45,"k":-1},{"p":1,"c":2,"r":34,"n":53,"t":1,"i":8,"e":45,"f":-1,"g":45,"h":-1,"j":45,"k":-1},{"p":1,"c":2,"r":35,"n":53,"t":1,"i":8,"e":45,"f":-1,"g":45,"h":-1,"j":45,"k":-1},{"p":1,"c":2,"r":42,"n":41,"t":1,"i":8,"e":65,"f":10,"g":57,"h":9,"j":70,"k":15},{"p":1,"c":2,"r":43,"n":41,"t":1,"i":8,"e":65,"f":10,"g":57,"h":9,"j":70,"k":15},{"p":1,"c":2,"r":44,"n":41,"t":1,"i":8,"e":65,"f":10,"g":57,"h":9,"j":70,"k":15},{"p":1,"c":2,"r":45,"n":41,"t":1,"i":8,"e":65,"f":10,"g":57,"h":9,"j":70,"k":15},{"p":1,"c":2,"r":50,"n":41,"t":1,"i":8,"e":65,"f":10,"g":70,"h":15,"j":57,"k":9},{"p":1,"c":2,"r":51,"n":41,"t":1,"i":8,"e":65,"f":10,"g":70,"h":15,"j":57,"k":9},{"p":1,"c":2,"r":52,"n":53,"t":1,"i":8,"e":65,"f":10,"g":70,"h":15,"j":57,"k":9},{"p":1,"c":2,"r":53,"n":53,"t":1,"i":8,"e":65,"f":10,"g":70,"h":15,"j":57,"k":9},{"p":1,"c":2,"r":56,"n":42,"t":1,"i":8,"e":45,"f":-1,"g":45,"h":-1,"j":45,"k":-1},{"p":1,"c":2,"r":57,"n":30,"t":1,"i":8,"e":45,"f":-1,"g":45,"h":-1,"j":45,"k":-1},{"p":1,"c":2,"r":58,"n":30,"t":1,"i":8,"e":45,"f":-1,"g":45,"h":-1,"j":45,"k":-1},{"p":1,"c":2,"r":59,"n":42,"t":1,"i":8,"e":45,"f":-1,"g":45,"h":-1,"j":45,"k":-1},{"p":1,"c":2,"r":60,"n":30,"t":1,"i":8,"e":45,"f":-1,"g":45,"h":-1,"j":45,"k":-1},{"p":1,"c":2,"r":61,"n":30,"t":1,"i":8,"e":45,"f":-1,"g":45,"h":-1,"j":45,"k":-1},{"p":1,"c":2,"r":62,"n":42,"t":1,"i":8,"e":45,"f":-1,"g":45,"h":-1,"j":45,"k":-1},{"p":1,"c":2,"r":63,"n":30,"t":1,"i":8,"e":45,"f":-1,"g":45,"h":-1,"j":45,"k":-1},{"p":1,"c":3,"r":0,"n":53,"t":1,"i":4,"e":65,"f":10,"g":70,"h":15,"j":56,"k":8},{"p":1,"c":3,"r":3,"n":41,"t":1,"i":4,"e":65,"f":10,"g":56,"h":8,"j":70,"k":15},{"p":1,"c":3,"r":10,"n":56,"t":1,"i":4,"e":65,"f":10,"g":70,"h":15,"j":56,"k":8},{"p":1,"c":3,"r":16,"n":55,"t":1,"i":4,"e":65,"f":10,"g":56,"h":8,"j":70,"k":15},{"p":1,"c":3,"r":22,"n":51,"t":1,"i":4,"e":65,"f":10,"g":70,"h":15,"j":56,"k":8},{"p":1,"c":3,"r":32,"n":53,"t":1,"i":4,"e":65,"f":10,"g":56,"h":8,"j":70,"k":15},{"p":1,"c":3,"r":35,"n":41,"t":1,"i":4,"e":65,"f":10,"g":70,"h":15,"j":56,"k":8},{"p":1,"c":3,"r":42,"n":56,"t":1,"i":4,"e":65,"f":10,"g":56,"h":8,"j":70,"k":15},{"p":1,"c":3,"r":48,"n":48,"t":1,"i":4,"e":65,"f":10,"g":70,"h":15,"j":56,"k":8},{"p":1,"c":3,"r":54,"n":51,"t":1,"i":4,"e":65,"f":10,"g":56,"h":8,"j":70,"k":15},{"p":1,"c":3,"r":60,"n":54,"t":1,"i":4,"e":65,"f":10,"g":70,"h":15,"j":56,"k":8},{"p":1,"c":5,"r":0,"n":48,"t":1,"i":11,"e":45,"f":-1,"g":45,"h":-1,"j":45,"k":-1},{"p":1,"c":5,"r":2,"n":48,"t":1,"i":11,"e":65,"f":10,"g":52,"h":4,"j":55,"k":7},{"p":1,"c":5,"r":3,"n":48,"t":1,"i":11,"e":65,"f":10,"g":65,"h":10,"j":68,"k":13},{"p":1,"c":5,"r":4,"n":48,"t":1,"i":11,"e":45,"f":-1,"g":45,"h":-1,"j":45,"k":-1},{"p":1,"c":5,"r":6,"n":48,"t":1,"i":11,"e":65,"f":10,"g":52,"h":4,"j":55,"k":7},{"p":1,"c":5,"r":7,"n":48,"t":1,"i":11,"e":65,"f":10,"g":65,"h":10,"j":68,"k":13},{"p":1,"c":5,"r":8,"n":48,"t":1,"i":11,"e":45,"f":-1,"g":45,"h":-1,"j":45,"k":-1},{"p":1,"c":5,"r":10,"n":48,"t":1,"i":11,"e":65,"f":10,"g":52,"h":4,"j":55,"k":7},{"p":1,"c":5,"r":11,"n":48,"t":1,"i":11,"e":65,"f":10,"g":65,"h":10,"j":68,"k":13},{"p":1,"c":5,"r":12,"n":48,"t":1,"i":11,"e":45,"f":-1,"g":45,"h":-1,"j":45,"k":-1},{"p":1,"c":5,"r":14,"n":48,"t":1,"i":11,"e":65,"f":10,"g":52,"h":4,"j":55,"k":7},{"p":1,"c":5,"r":15,"n":48,"t":1,"i":11,"e":65,"f":10,"g":65,"h":10,"j":68,"k":13},{"p":1,"c":5,"r":16,"n":48,"t":1,"i":11,"e":45,"f":-1,"g":45,"h":-1,"j":45,"k":-1},{"p":1,"c":5,"r":18,"n":48,"t":1,"i":11,"e":65,"f":10,"g":52,"h":4,"j":55,"k":7},{"p":1,"c":5,"r":19,"n":48,"t":1,"i":11,"e":65,"f":10,"g":65,"h":10,"j":68,"k":13},{"p":1,"c":5,"r":20,"n":48,"t":1,"i":11,"e":45,"f":-1,"g":45,"h":-1,"j":45,"k":-1},{"p":1,"c":5,"r":22,"n":48,"t":1,"i":11,"e":65,"f":10,"g":52,"h":4,"j":55,"k":7},{"p":1,"c":5,"r":23,"n":48,"t":1,"i":11,"e":65,"f":10,"g":65,"h":10,"j":68,"k":13},{"p":1,"c":5,"r":24,"n":48,"t":1,"i":11,"e":45,"f":-1,"g":45,"h":-1,"j":45,"k":-1},{"p":1,"c":5,"r":26,"n":48,"t":1,"i":11,"e":65,"f":10,"g":52,"h":4,"j":55,"k":7},{"p":1,"c":5,"r":27,"n":48,"t":1,"i":11,"e":65,"f":10,"g":65,"h":10,"j":68,"k":13},{"p":1,"c":5,"r":28,"n":48,"t":1,"i":11,"e":45,"f":-1,"g":45,"h":-1,"j":45,"k":-1},{"p":1,"c":5,"r":30,"n":48,"t":1,"i":11,"e":65,"f":10,"g":52,"h":4,"j":55,"k":7},{"p":1,"c":5,"r":31,"n":48,"t":1,"i":11,"e":65,"f":10,"g":65,"h":10,"j":68,"k":13},{"p":1,"c":5,"r":32,"n":48,"t":1,"i":11,"e":45,"f":-1,"g":45,"h":-1,"j":45,"k":-1},{"p":1,"c":5,"r":34,"n":48,"t":1,"i":11,"e":65,"f":10,"g":52,"h":4,"j":55,"k":7},{"p":1,"c":5,"r":35,"n":48,"t":1,"i":11,"e":65,"f":10,"g":65,"h":10,"j":68,"k":13},{"p":1,"c":5,"r":36,"n":48,"t":1,"i":11,"e":45,"f":-1,"g":45,"h":-1,"j":45,"k":-1},{"p":1,"c":5,"r":38,"n":48,"t":1,"i":11,"e":65,"f":10,"g":52,"h":4,"j":55,"k":7},{"p":1,"c":5,"r":39,"n":48,"t":1,"i":11,"e":65,"f":10,"g":65,"h":10,"j":68,"k":13},{"p":1,"c":5,"r":40,"n":48,"t":1,"i":11,"e":45,"f":-1,"g":45,"h":-1,"j":45,"k":-1},{"p":1,"c":5,"r":42,"n":48,"t":1,"i":11,"e":65,"f":10,"g":52,"h":4,"j":55,"k":7},{"p":1,"c":5,"r":43,"n":48,"t":1,"i":11,"e":65,"f":10,"g":65,"h":10,"j":68,"k":13},{"p":1,"c":5,"r":44,"n":48,"t":1,"i":11,"e":45,"f":-1,"g":45,"h":-1,"j":45,"k":-1},{"p":1,"c":5,"r":46,"n":48,"t":1,"i":11,"e":65,"f":10,"g":52,"h":4,"j":55,"k":7},{"p":1,"c":5,"r":47,"n":48,"t":1,"i":11,"e":65,"f":10,"g":65,"h":10,"j":68,"k":13},{"p":1,"c":5,"r":48,"n":48,"t":1,"i":11,"e":45,"f":-1,"g":45,"h":-1,"j":45,"k":-1},{"p":1,"c":5,"r":50,"n":48,"t":1,"i":11,"e":65,"f":10,"g":52,"h":4,"j":55,"k":7},{"p":1,"c":5,"r":51,"n":48,"t":1,"i":11,"e":65,"f":10,"g":65,"h":10,"j":68,"k":13},{"p":1,"c":5,"r":52,"n":48,"t":1,"i":11,"e":45,"f":-1,"g":45,"h":-1,"j":45,"k":-1},{"p":1,"c":5,"r":54,"n":48,"t":1,"i":11,"e":65,"f":10,"g":52,"h":4,"j":55,"k":7},{"p":1,"c":5,"r":55,"n":48,"t":1,"i":11,"e":65,"f":10,"g":65,"h":10,"j":68,"k":13},{"p":1,"c":5,"r":56,"n":48,"t":1,"i":11,"e":45,"f":-1,"g":45,"h":-1,"j":45,"k":-1},{"p":1,"c":5,"r":58,"n":48,"t":1,"i":11,"e":65,"f":10,"g":52,"h":4,"j":55,"k":7},{"p":1,"c":5,"r":59,"n":48,"t":1,"i":11,"e":65,"f":10,"g":65,"h":10,"j":68,"k":13},{"p":1,"c":5,"r":60,"n":48,"t":1,"i":11,"e":45,"f":-1,"g":45,"h":-1,"j":45,"k":-1},{"p":1,"c":5,"r":62,"n":48,"t":1,"i":11,"e":45,"f":-1,"g":45,"h":-1,"j":45,"k":-1},{"p":2,"c":0,"r":0,"n":48,"t":1,"i":0,"e":45,"f":-1,"g":45,"h":-1,"j":45,"k":-1},{"p":2,"c":0,"r":2,"n":17,"t":1,"i":1,"e":45,"f":-1,"g":45,"h":-1,"j":45,"k":-1},{"p":2,"c":0,"r":3,"n":48,"t":1,"i":0,"e":45,"f":-1,"g":45,"h":-1,"j":45,"k":-1},{"p":2,"c":0,"r":5,"n":17,"t":1,"i":1,"e":45,"f":-1,"g":45,"h":-1,"j":45,"k":-1},{"p":2,"c":0,"r":7,"n":29,"t":1,"i":1,"e":45,"f":-1,"g":45,"h":-1,"j":45,"k":-1},{"p":2,"c":0,"r":8,"n":48,"t":1,"i":0,"e":45,"f":-1,"g":45,"h":-1,"j":45,"k":-1},{"p":2,"c":0,"r":10,"n":48,"t":1,"i":0,"e":45,"f":-1,"g":45,"h":-1,"j":45,"k":-1},{"p":2,"c":0,"r":12,"n":29,"t":1,"i":1,"e":45,"f":-1,"g":45,"h":-1,"j":45,"k":-1},{"p":2,"c":0,"r":13,"n":17,"t":1,"i":1,"e":45,"f":-1,"g":45,"h":-1,"j":45,"k":-1},{"p":2,"c":0,"r":15,"n":41,"t":1,"i":1,"e":45,"f":-1,"g":45,"h":-1,"j":45,"k":-1},{"p":2,"c":0,"r":16,"n":48,"t":1,"i":0,"e":45,"f":-1,"g":45,"h":-1,"j":45,"k":-1},{"p":2,"c":0,"r":18,"n":17,"t":1,"i":1,"e":45,"f":-1,"g":45,"h":-1,"j":45,"k":-1},{"p":2,"c":0,"r":19,"n":48,"t":1,"i":0,"e":45,"f":-1,"g":45,"h":-1,"j":45,"k":-1},{"p":2,"c":0,"r":21,"n":17,"t":1,"i":1,"e":45,"f":-1,"g":45,"h":-1,"j":45,"k":-1},{"p":2,"c":0,"r":23,"n":29,"t":1,"i":1,"e":45,"f":-1,"g":45,"h":-1,"j":45,"k":-1},{"p":2,"c":0,"r":24,"n":48,"t":1,"i":0,"e":45,"f":-1,"g":45,"h":-1,"j":45,"k":-1},{"p":2,"c":0,"r":26,"n":32,"t":1,"i":1,"e":45,"f":-1,"g":45,"h":-1,"j":45,"k":-1},{"p":2,"c":0,"r":27,"n":48,"t":1,"i":0,"e":45,"f":-1,"g":45,"h":-1,"j":45,"k":-1},{"p":2,"c":0,"r":28,"n":20,"t":1,"i":1,"e":45,"f":-1,"g":45,"h":-1,"j":45,"k":-1},{"p":2,"c":0,"r":30,"n":48,"t":1,"i":0,"e":45,"f":-1,"g":45,"h":-1,"j":45,"k":-1},{"p":2,"c":0,"r":31,"n":32,"t":1,"i":1,"e":45,"f":-1,"g":45,"h":-1,"j":45,"k":-1},{"p":2,"c":0,"r":32,"n":48,"t":1,"i":0,"e":45,"f":-1,"g":45,"h":-1,"j":45,"k":-1},{"p":2,"c":0,"r":34,"n":22,"t":1,"i":1,"e":45,"f":-1,"g":45,"h":-1,"j":45,"k":-1},{"p":2,"c":0,"r":35,"n":48,"t":1,"i":0,"e":45,"f":-1,"g":45,"h":-1,"j":45,"k":-1},{"p":2,"c":0,"r":37,"n":22,"t":1,"i":1,"e":45,"f":-1,"g":45,"h":-1,"j":45,"k":-1},{"p":2,"c":0,"r":39,"n":34,"t":1,"i":1,"e":45,"f":-1,"g":45,"h":-1,"j":45,"k":-1},{"p":2,"c":0,"r":40,"n":48,"t":1,"i":0,"e":45,"f":-1,"g":45,"h":-1,"j":45,"k":-1},{"p":2,"c":0,"r":42,"n":48,"t":1,"i":0,"e":45,"f":-1,"g":45,"h":-1,"j":45,"k":-1},{"p":2,"c":0,"r":44,"n":34,"t":1,"i":1,"e":45,"f":-1,"g":45,"h":-1,"j":45,"k":-1},{"p":2,"c":0,"r":45,"n":22,"t":1,"i":1,"e":45,"f":-1,"g":45,"h":-1,"j":45,"k":-1},{"p":2,"c":0,"r":47,"n":34,"t":1,"i":1,"e":45,"f":-1,"g":45,"h":-1,"j":45,"k":-1},{"p":2,"c":0,"r":49,"n":22,"t":1,"i":1,"e":45,"f":-1,"g":45,"h":-1,"j":45,"k":-1},{"p":2,"c":0,"r":50,"n":48,"t":1,"i":0,"e":45,"f":-1,"g":45,"h":-1,"j":45,"k":-1},{"p":2,"c":0,"r":52,"n":22,"t":1,"i":1,"e":45,"f":-1,"g":45,"h":-1,"j":45,"k":-1},{"p":2,"c":0,"r":53,"n":48,"t":1,"i":0,"e":45,"f":-1,"g":45,"h":-1,"j":45,"k":-1},{"p":2,"c":0,"r":54,"n":34,"t":1,"i":1,"e":45,"f":-1,"g":45,"h":-1,"j":45,"k":-1},{"p":2,"c":0,"r":56,"n":48,"t":1,"i":0,"e":45,"f":-1,"g":45,"h":-1,"j":45,"k":-1},{"p":2,"c":0,"r":57,"n":34,"t":1,"i":1,"e":45,"f":-1,"g":45,"h":-1,"j":45,"k":-1},{"p":2,"c":0,"r":59,"n":48,"t":1,"i":0,"e":45,"f":-1,"g":45,"h":-1,"j":45,"k":-1},{"p":2,"c":0,"r":60,"n":34,"t":1,"i":1,"e":45,"f":-1,"g":45,"h":-1,"j":45,"k":-1},{"p":2,"c":0,"r":62,"n":34,"t":1,"i":1,"e":45,"f":-1,"g":45,"h":-1,"j":45,"k":-1},{"p":2,"c":0,"r":63,"n":22,"t":1,"i":1,"e":45,"f":-1,"g":45,"h":-1,"j":45,"k":-1},{"p":2,"c":1,"r":0,"n":68,"t":1,"i":6,"e":48,"f":0,"g":67,"h":12,"j":48,"k":0},{"p":2,"c":1,"r":2,"n":65,"t":1,"i":6,"e":51,"f":3,"g":54,"h":6,"j":52,"k":4},{"p":2,"c":1,"r":4,"n":68,"t":1,"i":6,"e":51,"f":3,"g":53,"h":5,"j":54,"k":6},{"p":2,"c":1,"r":7,"n":70,"t":1,"i":6,"e":51,"f":3,"g":53,"h":5,"j":51,"k":3},{"p":2,"c":1,"r":10,"n":68,"t":1,"i":6,"e":45,"f":-1,"g":45,"h":-1,"j":45,"k":-1},{"p":2,"c":1,"r":12,"n":65,"t":1,"i":6,"e":45,"f":-1,"g":45,"h":-1,"j":45,"k":-1},{"p":2,"c":1,"r":14,"n":67,"t":1,"i":6,"e":51,"f":3,"g":54,"h":6,"j":50,"k":2},{"p":2,"c":1,"r":16,"n":65,"t":1,"i":6,"e":45,"f":-1,"g":45,"h":-1,"j":45,"k":-1},{"p":2,"c":1,"r":18,"n":41,"t":0,"i":0,"e":70,"f":15,"g":50,"h":2,"j":52,"k":4},{"p":2,"c":1,"r":21,"n":53,"t":1,"i":6,"e":45,"f":-1,"g":45,"h":-1,"j":45,"k":-1},{"p":2,"c":1,"r":22,"n":56,"t":1,"i":6,"e":45,"f":-1,"g":45,"h":-1,"j":45,"k":-1},{"p":2,"c":1,"r":23,"n":60,"t":1,"i":6,"e":45,"f":-1,"g":45,"h":-1,"j":45,"k":-1},{"p":2,"c":1,"r":24,"n":65,"t":1,"i":6,"e":45,"f":-1,"g":45,"h":-1,"j":45,"k":-1},{"p":2,"c":1,"r":25,"n":68,"t":1,"i":6,"e":45,"f":-1,"g":45,"h":-1,"j":45,"k":-1},{"p":2,"c":1,"r":26,"n":72,"t":1,"i":6,"e":45,"f":-1,"g":45,"h":-1,"j":45,"k":-1},{"p":2,"c":1,"r":27,"n":74,"t":1,"i":6,"e":45,"f":-1,"g":45,"h":-1,"j":45,"k":-1},{"p":2,"c":1,"r":28,"n":75,"t":1,"i":6,"e":45,"f":-1,"g":45,"h":-1,"j":45,"k":-1},{"p":2,"c":1,"r":29,"n":72,"t":1,"i":6,"e":45,"f":-1,"g":45,"h":-1,"j":45,"k":-1},{"p":2,"c":1,"r":30,"n":70,"t":1,"i":6,"e":45,"f":-1,"g":45,"h":-1,"j":45,"k":-1},{"p":2,"c":1,"r":31,"n":68,"t":1,"i":6,"e":45,"f":-1,"g":45,"h":-1,"j":45,"k":-1},{"p":2,"c":1,"r":32,"n":74,"t":1,"i":6,"e":51,"f":3,"g":53,"h":5,"j":55,"k":7},{"p":2,"c":1,"r":35,"n":0,"t":0,"i":0,"e":70,"f":15,"g":50,"h":2,"j":50,"k":2},{"p":2,"c":1,"r":38,"n":77,"t":1,"i":6,"e":51,"f":3,"g":53,"h":5,"j":55,"k":7},{"p":2,"c":1,"r":41,"n":0,"t":0,"i":0,"e":70,"f":15,"g":50,"h":2,"j":50,"k":2},{"p":2,"c":1,"r":44,"n":82,"t":1,"i":6,"e":51,"f":3,"g":53,"h":5,"j":55,"k":7},{"p":2,"c":1,"r":47,"n":0,"t":0,"i":0,"e":70,"f":15,"g":50,"h":2,"j":50,"k":2},{"p":2,"c":1,"r":52,"n":87,"t":1,"i":6,"e":45,"f":-1,"g":45,"h":-1,"j":45,"k":-1},{"p":2,"c":1,"r":53,"n":74,"t":1,"i":6,"e":45,"f":-1,"g":45,"h":-1,"j":45,"k":-1},{"p":2,"c":1,"r":54,"n":75,"t":1,"i":6,"e":45,"f":-1,"g":45,"h":-1,"j":45,"k":-1},{"p":2,"c":1,"r":55,"n":65,"t":1,"i":6,"e":45,"f":-1,"g":45,"h":-1,"j":45,"k":-1},{"p":2,"c":1,"r":56,"n":70,"t":1,"i":6,"e":45,"f":-1,"g":45,"h":-1,"j":45,"k":-1},{"p":2,"c":1,"r":57,"n":75,"t":1,"i":6,"e":45,"f":-1,"g":45,"h":-1,"j":45,"k":-1},{"p":2,"c":1,"r":58,"n":87,"t":1,"i":6,"e":45,"f":-1,"g":45,"h":-1,"j":45,"k":-1},{"p":2,"c":1,"r":59,"n":74,"t":1,"i":6,"e":45,"f":-1,"g":45,"h":-1,"j":45,"k":-1},{"p":2,"c":1,"r":60,"n":75,"t":1,"i":6,"e":45,"f":-1,"g":45,"h":-1,"j":45,"k":-1},{"p":2,"c":1,"r":61,"n":65,"t":1,"i":6,"e":45,"f":-1,"g":45,"h":-1,"j":45,"k":-1},{"p":2,"c":1,"r":62,"n":70,"t":1,"i":6,"e":45,"f":-1,"g":45,"h":-1,"j":45,"k":-1},{"p":2,"c":1,"r":63,"n":74,"t":1,"i":6,"e":45,"f":-1,"g":45,"h":-1,"j":45,"k":-1},{"p":2,"c":2,"r":0,"n":29,"t":1,"i":10,"e":65,"f":10,"g":70,"h":15,"j":45,"k":-1},{"p":2,"c":2,"r":1,"n":41,"t":1,"i":10,"e":65,"f":10,"g":70,"h":15,"j":45,"k":-1},{"p":2,"c":2,"r":3,"n":53,"t":1,"i":10,"e":65,"f":10,"g":45,"h":-1,"j":70,"k":15},{"p":2,"c":2,"r":4,"n":29,"t":1,"i":10,"e":65,"f":10,"g":45,"h":-1,"j":70,"k":15},{"p":2,"c":2,"r":6,"n":29,"t":1,"i":10,"e":65,"f":10,"g":70,"h":15,"j":45,"k":-1},{"p":2,"c":2,"r":7,"n":41,"t":1,"i":10,"e":65,"f":10,"g":70,"h":15,"j":45,"k":-1},{"p":2,"c":2,"r":9,"n":41,"t":1,"i":10,"e":65,"f":10,"g":45,"h":-1,"j":70,"k":15},{"p":2,"c":2,"r":11,"n":13,"t":0,"i":0,"e":70,"f":15,"g":51,"h":3,"j":45,"k":-1},{"p":2,"c":2,"r":12,"n":29,"t":1,"i":10,"e":65,"f":10,"g":70,"h":15,"j":45,"k":-1},{"p":2,"c":2,"r":13,"n":29,"t":1,"i":10,"e":65,"f":10,"g":70,"h":15,"j":45,"k":-1},{"p":2,"c":2,"r":14,"n":41,"t":1,"i":10,"e":65,"f":10,"g":70,"h":15,"j":45,"k":-1},{"p":2,"c":2,"r":16,"n":29,"t":1,"i":10,"e":65,"f":10,"g":45,"h":-1,"j":70,"k":15},{"p":2,"c":2,"r":17,"n":41,"t":1,"i":10,"e":65,"f":10,"g":45,"h":-1,"j":70,"k":15},{"p":2,"c":2,"r":19,"n":29,"t":1,"i":10,"e":65,"f":10,"g":70,"h":15,"j":45,"k":-1},{"p":2,"c":2,"r":20,"n":29,"t":1,"i":10,"e":65,"f":10,"g":70,"h":15,"j":45,"k":-1},{"p":2,"c":2,"r":22,"n":29,"t":1,"i":10,"e":65,"f":10,"g":45,"h":-1,"j":70,"k":15},{"p":2,"c":2,"r":23,"n":41,"t":1,"i":10,"e":65,"f":10,"g":45,"h":-1,"j":70,"k":15},{"p":2,"c":2,"r":25,"n":32,"t":1,"i":10,"e":65,"f":10,"g":70,"h":15,"j":45,"k":-1},{"p":2,"c":2,"r":26,"n":44,"t":1,"i":10,"e":65,"f":10,"g":70,"h":15,"j":45,"k":-1},{"p":2,"c":2,"r":28,"n":32,"t":1,"i":10,"e":65,"f":10,"g":45,"h":-1,"j":70,"k":15},{"p":2,"c":2,"r":29,"n":32,"t":1,"i":10,"e":65,"f":10,"g":45,"h":-1,"j":70,"k":15},{"p":2,"c":2,"r":30,"n":44,"t":1,"i":10,"e":65,"f":10,"g":45,"h":-1,"j":70,"k":15},{"p":2,"c":2,"r":32,"n":34,"t":1,"i":10,"e":65,"f":10,"g":70,"h":15,"j":45,"k":-1},{"p":2,"c":2,"r":33,"n":46,"t":1,"i":10,"e":65,"f":10,"g":70,"h":15,"j":45,"k":-1},{"p":2,"c":2,"r":35,"n":34,"t":1,"i":10,"e":65,"f":10,"g":45,"h":-1,"j":70,"k":15},{"p":2,"c":2,"r":36,"n":34,"t":1,"i":10,"e":65,"f":10,"g":45,"h":-1,"j":70,"k":15},{"p":2,"c":2,"r":38,"n":34,"t":1,"i":10,"e":65,"f":10,"g":70,"h":15,"j":45,"k":-1},{"p":2,"c":2,"r":39,"n":46,"t":1,"i":10,"e":65,"f":10,"g":70,"h":15,"j":45,"k":-1},{"p":2,"c":2,"r":41,"n":34,"t":1,"i":10,"e":65,"f":10,"g":45,"h":-1,"j":70,"k":15},{"p":2,"c":2,"r":42,"n":46,"t":1,"i":10,"e":65,"f":10,"g":45,"h":-1,"j":70,"k":15},{"p":2,"c":2,"r":44,"n":34,"t":1,"i":10,"e":65,"f":10,"g":70,"h":15,"j":45,"k":-1},{"p":2,"c":2,"r":45,"n":34,"t":1,"i":10,"e":65,"f":10,"g":70,"h":15,"j":45,"k":-1},{"p":2,"c":2,"r":46,"n":46,"t":1,"i":10,"e":65,"f":10,"g":70,"h":15,"j":45,"k":-1},{"p":2,"c":2,"r":48,"n":34,"t":1,"i":10,"e":65,"f":10,"g":45,"h":-1,"j":70,"k":15},{"p":2,"c":2,"r":49,"n":46,"t":1,"i":10,"e":65,"f":10,"g":45,"h":-1,"j":70,"k":15},{"p":2,"c":2,"r":51,"n":34,"t":1,"i":10,"e":65,"f":10,"g":70,"h":15,"j":45,"k":-1},{"p":2,"c":2,"r":52,"n":46,"t":1,"i":10,"e":65,"f":10,"g":70,"h":15,"j":45,"k":-1},{"p":2,"c":2,"r":54,"n":34,"t":1,"i":10,"e":65,"f":10,"g":45,"h":-1,"j":70,"k":15},{"p":2,"c":2,"r":55,"n":46,"t":1,"i":10,"e":65,"f":10,"g":45,"h":-1,"j":70,"k":15},{"p":2,"c":2,"r":57,"n":34,"t":1,"i":10,"e":65,"f":10,"g":70,"h":15,"j":45,"k":-1},{"p":2,"c":2,"r":58,"n":46,"t":1,"i":10,"e":65,"f":10,"g":70,"h":15,"j":45,"k":-1},{"p":2,"c":2,"r":61,"n":34,"t":1,"i":10,"e":65,"f":10,"g":70,"h":15,"j":45,"k":-1},{"p":2,"c":3,"r":0,"n":53,"t":1,"i":6,"e":48,"f":0,"g":51,"h":3,"j":55,"k":7},{"p":2,"c":3,"r":2,"n":0,"t":0,"i":0,"e":65,"f":10,"g":48,"h":0,"j":48,"k":0},{"p":2,"c":3,"r":6,"n":53,"t":1,"i":6,"e":48,"f":0,"g":51,"h":3,"j":55,"k":7},{"p":2,"c":3,"r":9,"n":0,"t":0,"i":0,"e":65,"f":10,"g":45,"h":-1,"j":45,"k":-1},{"p":2,"c":3,"r":10,"n":58,"t":1,"i":6,"e":51,"f":3,"g":50,"h":2,"j":45,"k":-1},{"p":2,"c":3,"r":12,"n":60,"t":1,"i":6,"e":51,"f":3,"g":50,"h":2,"j":56,"k":8},{"p":2,"c":3,"r":13,"n":58,"t":1,"i":6,"e":51,"f":3,"g":55,"h":7,"j":56,"k":8},{"p":2,"c":3,"r":15,"n":51,"t":1,"i":6,"e":51,"f":3,"g":55,"h":7,"j":56,"k":8},{"p":2,"c":3,"r":18,"n":53,"t":1,"i":6,"e":51,"f":3,"g":51,"h":3,"j":52,"k":4},{"p":2,"c":3,"r":21,"n":0,"t":0,"i":0,"e":52,"f":4,"g":51,"h":3,"j":50,"k":2},{"p":2,"c":3,"r":23,"n":0,"t":0,"i":0,"e":65,"f":10,"g":45,"h":-1,"j":45,"k":-1},{"p":2,"c":3,"r":32,"n":53,"t":1,"i":6,"e":48,"f":0,"g":51,"h":3,"j":55,"k":7},{"p":2,"c":3,"r":34,"n":0,"t":0,"i":0,"e":65,"f":10,"g":45,"h":-1,"j":45,"k":-1},{"p":2,"c":3,"r":38,"n":53,"t":1,"i":6,"e":48,"f":0,"g":51,"h":3,"j":55,"k":7},{"p":2,"c":3,"r":41,"n":0,"t":0,"i":0,"e":65,"f":10,"g":45,"h":-1,"j":45,"k":-1},{"p":2,"c":3,"r":42,"n":58,"t":1,"i":6,"e":51,"f":3,"g":52,"h":4,"j":55,"k":7},{"p":2,"c":3,"r":44,"n":60,"t":1,"i":6,"e":51,"f":3,"g":52,"h":4,"j":55,"k":7},{"p":2,"c":3,"r":45,"n":58,"t":1,"i":6,"e":51,"f":3,"g":56,"h":8,"j":65,"k":10},{"p":2,"c":3,"r":48,"n":60,"t":1,"i":6,"e":51,"f":3,"g":51,"h":3,"j":53,"k":5},{"p":2,"c":3,"r":51,"n":53,"t":0,"i":0,"e":52,"f":4,"g":52,"h":4,"j":50,"k":2},{"p":2,"c":3,"r":54,"n":53,"t":0,"i":0,"e":65,"f":10,"g":54,"h":6,"j":55,"k":7},{"p":2,"c":3,"r":55,"n":0,"t":0,"i":0,"e":65,"f":10,"g":50,"h":2,"j":50,"k":2},{"p":2,"c":3,"r":56,"n":58,"t":1,"i":6,"e":51,"f":3,"g":52,"h":4,"j":54,"k":6},{"p":2,"c":3,"r":62,"n":0,"t":0,"i":0,"e":70,"f":15,"g":50,"h":2,"j":50,"k":2},{"p":3,"c":3,"r":0,"n":36,"t":1,"i":10,"e":65,"f":10,"g":45,"h":-1,"j":70,"k":15},{"p":3,"c":3,"r":1,"n":48,"t":1,"i":10,"e":65,"f":10,"g":45,"h":-1,"j":70,"k":15},{"p":3,"c":3,"r":3,"n":36,"t":1,"i":10,"e":65,"f":10,"g":70,"h":15,"j":45,"k":-1},{"p":3,"c":3,"r":4,"n":36,"t":1,"i":10,"e":65,"f":10,"g":70,"h":15,"j":45,"k":-1},{"p":3,"c":3,"r":6,"n":36,"t":1,"i":10,"e":65,"f":10,"g":45,"h":-1,"j":70,"k":15},{"p":3,"c":3,"r":7,"n":60,"t":1,"i":10,"e":65,"f":10,"g":45,"h":-1,"j":70,"k":15},{"p":3,"c":3,"r":9,"n":48,"t":1,"i":10,"e":65,"f":10,"g":70,"h":15,"j":45,"k":-1},{"p":3,"c":3,"r":11,"n":13,"t":0,"i":0,"e":70,"f":15,"g":51,"h":3,"j":45,"k":-1},{"p":3,"c":3,"r":12,"n":48,"t":1,"i":10,"e":65,"f":10,"g":45,"h":-1,"j":70,"k":15},{"p":3,"c":3,"r":13,"n":48,"t":1,"i":10,"e":65,"f":10,"g":45,"h":-1,"j":70,"k":15},{"p":3,"c":3,"r":14,"n":48,"t":1,"i":10,"e":65,"f":10,"g":45,"h":-1,"j":70,"k":15},{"p":3,"c":3,"r":16,"n":48,"t":1,"i":10,"e":65,"f":10,"g":70,"h":15,"j":45,"k":-1},{"p":3,"c":3,"r":17,"n":48,"t":1,"i":10,"e":65,"f":10,"g":70,"h":15,"j":45,"k":-1},{"p":3,"c":3,"r":19,"n":48,"t":1,"i":10,"e":65,"f":10,"g":45,"h":-1,"j":70,"k":15},{"p":3,"c":3,"r":20,"n":48,"t":1,"i":10,"e":65,"f":10,"g":45,"h":-1,"j":70,"k":15},{"p":3,"c":3,"r":22,"n":48,"t":1,"i":10,"e":65,"f":10,"g":70,"h":15,"j":45,"k":-1},{"p":3,"c":3,"r":23,"n":48,"t":1,"i":10,"e":65,"f":10,"g":70,"h":15,"j":45,"k":-1},{"p":3,"c":3,"r":25,"n":51,"t":1,"i":10,"e":65,"f":10,"g":45,"h":-1,"j":70,"k":15},{"p":3,"c":3,"r":26,"n":51,"t":1,"i":10,"e":65,"f":10,"g":45,"h":-1,"j":70,"k":15},{"p":3,"c":3,"r":28,"n":63,"t":1,"i":10,"e":65,"f":10,"g":70,"h":15,"j":45,"k":-1},{"p":3,"c":3,"r":29,"n":63,"t":1,"i":10,"e":65,"f":10,"g":70,"h":15,"j":45,"k":-1},{"p":3,"c":3,"r":30,"n":63,"t":1,"i":10,"e":65,"f":10,"g":70,"h":15,"j":45,"k":-1},{"p":3,"c":3,"r":32,"n":53,"t":1,"i":10,"e":65,"f":10,"g":45,"h":-1,"j":70,"k":15},{"p":3,"c":3,"r":33,"n":53,"t":1,"i":10,"e":65,"f":10,"g":45,"h":-1,"j":70,"k":15},{"p":3,"c":3,"r":35,"n":53,"t":1,"i":10,"e":65,"f":10,"g":70,"h":15,"j":45,"k":-1},{"p":3,"c":3,"r":36,"n":53,"t":1,"i":10,"e":65,"f":10,"g":70,"h":15,"j":45,"k":-1},{"p":3,"c":3,"r":38,"n":53,"t":1,"i":10,"e":65,"f":10,"g":45,"h":-1,"j":70,"k":15},{"p":3,"c":3,"r":39,"n":53,"t":1,"i":10,"e":65,"f":10,"g":45,"h":-1,"j":70,"k":15},{"p":3,"c":3,"r":41,"n":53,"t":1,"i":10,"e":65,"f":10,"g":70,"h":15,"j":45,"k":-1},{"p":3,"c":3,"r":42,"n":53,"t":1,"i":10,"e":65,"f":10,"g":70,"h":15,"j":45,"k":-1},{"p":3,"c":3,"r":44,"n":53,"t":1,"i":10,"e":65,"f":10,"g":45,"h":-1,"j":70,"k":15},{"p":3,"c":3,"r":45,"n":53,"t":1,"i":10,"e":65,"f":10,"g":45,"h":-1,"j":70,"k":15},{"p":3,"c":3,"r":46,"n":53,"t":1,"i":10,"e":65,"f":10,"g":45,"h":-1,"j":70,"k":15},{"p":3,"c":3,"r":48,"n":53,"t":1,"i":10,"e":65,"f":10,"g":70,"h":15,"j":45,"k":-1},{"p":3,"c":3,"r":49,"n":53,"t":1,"i":10,"e":65,"f":10,"g":70,"h":15,"j":45,"k":-1},{"p":3,"c":3,"r":51,"n":53,"t":1,"i":10,"e":65,"f":10,"g":45,"h":-1,"j":70,"k":15},{"p":3,"c":3,"r":52,"n":53,"t":1,"i":10,"e":65,"f":10,"g":45,"h":-1,"j":70,"k":15},{"p":3,"c":3,"r":54,"n":53,"t":1,"i":10,"e":65,"f":10,"g":70,"h":15,"j":45,"k":-1},{"p":3,"c":3,"r":55,"n":53,"t":1,"i":10,"e":65,"f":10,"g":70,"h":15,"j":45,"k":-1},{"p":3,"c":3,"r":57,"n":53,"t":1,"i":10,"e":65,"f":10,"g":45,"h":-1,"j":70,"k":15},{"p":3,"c":3,"r":58,"n":53,"t":1,"i":10,"e":65,"f":10,"g":45,"h":-1,"j":70,"k":15},{"p":3,"c":3,"r":61,"n":41,"t":1,"i":10,"e":65,"f":10,"g":70,"h":15,"j":45,"k":-1}],"instrument_effects":[{"i_l":0,"r":0,"e":57,"f":9,"g":48,"h":0,"j":48,"k":0},{"i_l":0,"r":1,"e":70,"f":15,"g":56,"h":8,"j":51,"k":3},{"i_l":0,"r":2,"e":53,"f":5,"g":51,"h":3,"j":51,"k":3},{"i_l":1,"r":0,"e":57,"f":9,"g":48,"h":0,"j":48,"k":0},{"i_l":1,"r":1,"e":56,"f":8,"g":50,"h":2,"j":50,"k":2},{"i_l":2,"r":0,"e":53,"f":5,"g":53,"h":5,"j":54,"k":6},{"i_l":2,"r":1,"e":50,"f":2,"g":51,"h":3,"j":65,"k":10},{"i_l":2,"r":2,"e":51,"f":3,"g":65,"h":10,"j":56,"k":8},{"i_l":2,"r":3,"e":45,"f":-1,"g":45,"h":-1,"j":45,"k":-1},{"i_l":2,"r":4,"e":45,"f":-1,"g":45,"h":-1,"j":45,"k":-1},{"i_l":3,"r":0,"e":57,"f":9,"g":49,"h":1,"j":48,"k":0},{"i_l":3,"r":1,"e":70,"f":15,"g":53,"h":5,"j":50,"k":2},{"i_l":3,"r":2,"e":53,"f":5,"g":50,"h":2,"j":50,"k":2},{"i_l":4,"r":0,"e":56,"f":8,"g":56,"h":8,"j":50,"k":2},{"i_l":4,"r":1,"e":51,"f":3,"g":54,"h":6,"j":65,"k":10},{"i_l":4,"r":2,"e":45,"f":-1,"g":45,"h":-1,"j":45,"k":-1},{"i_l":5,"r":0,"e":48,"f":0,"g":67,"h":12,"j":48,"k":0},{"i_l":5,"r":1,"e":50,"f":2,"g":57,"h":9,"j":67,"k":12},{"i_l":5,"r":2,"e":45,"f":-1,"g":45,"h":-1,"j":45,"k":-1},{"i_l":6,"r":0,"e":50,"f":2,"g":54,"h":6,"j":65,"k":10},{"i_l":6,"r":1,"e":45,"f":-1,"g":45,"h":-1,"j":45,"k":-1},{"i_l":7,"r":0,"e":51,"f":3,"g":55,"h":7,"j":55,"k":7},{"i_l":7,"r":1,"e":50,"f":2,"g":65,"h":10,"j":56,"k":8},{"i_l":7,"r":2,"e":53,"f":5,"g":50,"h":2,"j":52,"k":4},{"i_l":8,"r":0,"e":50,"f":2,"g":51,"h":3,"j":68,"k":13},{"i_l":8,"r":1,"e":56,"f":8,"g":65,"h":10,"j":45,"k":-1},{"i_l":9,"r":0,"e":56,"f":8,"g":54,"h":6,"j":66,"k":11},{"i_l":9,"r":1,"e":50,"f":2,"g":53,"h":5,"j":67,"k":12},{"i_l":10,"r":0,"e":57,"f":9,"g":50,"h":2,"j":48,"k":0},{"i_l":10,"r":1,"e":54,"f":6,"g":50,"h":2,"j":55,"k":7},{"i_l":10,"r":2,"e":53,"f":5,"g":51,"h":3,"j":50,"k":2},{"i_l":11,"r":0,"e":70,"f":15,"g":50,"h":2,"j":49,"k":1}],"patterns_and_voices":[0,0,0,0,0,0,0,0,0,0,0,0,0,0,0,0,0,0,0,0,0,0,1,0,0,0,0,0,0,0,0,0,0,0,0,0,0,0,0,0,0,0,0,0,2,0,0,0,0,0,0,0,0,0,0,0,0,0,0,0,0,0,0,0,0,0,2,0,0,0,0,0,0,0,0,0,0,0,0,0,0,0,0,0,0,0,0,0,1,0,0,0,0,0,0,0,0,0,0,0,0,0,0,0,0,0,0,0,0,0,4,0,0,0,0,0,0,0,0,0,0,0,0,0,0,0,0,0,0,0,0,0],"patterns":[0,0,0,0,1,1,2,2,0,0,0,0,0,0,0,0,0,0,0,0,0,0,0,0,0,0,0,0,0,0,0,0,0,0,0,0,0,0,0,0,0,0,0,0,0,0,0,0,0,0,0,0,0,0,0,0,0,0,0,0,0,0,0,0,0,0,0,0,1,1,2,2,0,0,0,0,0,0,0,0,0,0,0,0,0,0,0,0,0,0,0,0,0,0,0,0,0,0,0,0,0,0,0,0,0,0,0,0,0,0,0,0,0,0,0,0,0,0,0,0,0,0,0,0,0,0,0,0,0,0,0,0,1,1,2,2,0,0,0,0,0,0,0,0,0,0,0,0,0,0,0,0,0,0,0,0,0,0,0,0,0,0,0,0,0,0,0,0,0,0,0,0,0,0,0,0,0,0,0,0,0,0,0,0,0,0,0,0,0,0,0,0,2,2,0,0,1,1,3,3,0,0,0,0,0,0,0,0,0,0,0,0,0,0,0,0,0,0,0,0,0,0,0,0,0,0,0,0,0,0,0,0,0,0,0,0,0,0,0,0,0,0,0,0,0,0,0,0,0,0,0,0,0,0,0,0,0,0,0,0,0,0,0,0,0,0,0,0,0,0,0,0,0,0,0,0,0,0,0,0,0,0,0,0,0,0,0,0,0,0,0,0,0,0,0,0,0,0,0,0,0,0,0,0,0,0,0,0,0,0,0,0,0,0,0,0,0,0,0,0,1,1,0,0,1,1,0,0,0,0,0,0,0,0,0,0,0,0,0,0,0,0,0,0,0,0,0,0,0,0,0,0,0,0,0,0,0,0,0,0,0,0,0,0,0,0,0,0,0,0,0,0,0,0,0,0,0,0,0,0,0,0,0,0],"active_tracks":[1,1,1,1,1,1,1,1,0,0,0,0,0,0,0,0,0,0,0,0,0,0,0,0,0,0,0,0,0,0,0,0,0,0,0,0,0,0,0,0,0,0,0,0,0,0,0,0,0,0,0,0,0,0,0,0,0,0,0,0,0,0,0,0],"muted_voices":[0,0,0,0,0,0],"instruments_adsr":[[{"a":0,"p":0},{"a":0.738400,"p":0.001000},{"a":0.502760,"p":0.053280},{"a":0.272800,"p":0.086400},{"a":0,"p":0.171600}],[{"a":0,"p":0},{"a":0.914000,"p":0.001000},{"a":0.170400,"p":0.053280},{"a":0,"p":0.142800},{"a":0,"p":0.900000}],[{"a":0,"p":0},{"a":0.685600,"p":0.027720},{"a":0.166800,"p":0.100400},{"a":0,"p":0.252400},{"a":0,"p":0.900000}],[{"a":0,"p":0},{"a":0.822400,"p":0.001000},{"a":0.676000,"p":0.043200},{"a":0.089200,"p":0.100360},{"a":0,"p":0.203600}],[{"a":0,"p":0},{"a":0.773200,"p":0.001000},{"a":0.098000,"p":0.111160},{"a":0,"p":0.320400},{"a":0,"p":0.900000}],[{"a":0,"p":0},{"a":0.706800,"p":0.001000},{"a":0.218200,"p":0.032360},{"a":0,"p":0.116000},{"a":0,"p":0.900000}],[{"a":0,"p":0},{"a":0.459600,"p":0.001000},{"a":0.634000,"p":0.532400},{"a":0,"p":0.598400},{"a":0,"p":0.900000}],[{"a":0,"p":0},{"a":0.516920,"p":0.038400},{"a":0.099600,"p":0.150800},{"a":0,"p":0.222000},{"a":0,"p":0.900000}],[{"a":0,"p":0},{"a":0.552400,"p":0.000880},{"a":0.059200,"p":0.040000},{"a":0,"p":0.076000},{"a":0,"p":0.900000}],[{"a":0,"p":0},{"a":0.529600,"p":0},{"a":0.347600,"p":0.080920},{"a":0.235200,"p":0.504400},{"a":0,"p":0.766800}],[{"a":0,"p":0},{"a":0.800000,"p":0},{"a":0.146040,"p":0.056040},{"a":0.216800,"p":0.146800},{"a":0,"p":0.282400}],[{"a":0,"p":0},{"a":0.732800,"p":0.001000},{"a":0.097960,"p":0.023480},{"a":0,"p":0.074800},{"a":0,"p":0.900000}],[{"a":0,"p":0},{"a":0.800000,"p":0.001000},{"a":0,"p":0.150000},{"a":0,"p":0.600000},{"a":0,"p":0.900000}],[{"a":0,"p":0},{"a":0.800000,"p":0.001000},{"a":0,"p":0.150000},{"a":0,"p":0.600000},{"a":0,"p":0.900000}],[{"a":0,"p":0},{"a":0.800000,"p":0.001000},{"a":0,"p":0.150000},{"a":0,"p":0.600000},{"a":0,"p":0.900000}],[{"a":0,"p":0},{"a":0.800000,"p":0.001000},{"a":0,"p":0.150000},{"a":0,"p":0.600000},{"a":0,"p":0.900000}]],"custom_table":{"i":[{"a":-0.357600,"p":0.200000},{"a":0.792000,"p":0.540800},{"a":-0.806400,"p":0.769600},{"a":0.772800,"p":0.885600},{"a":0,"p":1}]},"tempo":[{"x":0,"y":0,"b":117},{"x":0,"y":1,"t":4,"a":1},{"x":0,"y":2,"t":4,"a":1},{"x":0,"y":3,"t":4,"a":1},{"x":0,"y":4,"t":4,"a":1},{"x":0,"y":5,"t":1,"a":0},{"x":0,"y":6,"t":1,"a":0},{"x":0,"y":7,"t":1,"a":0},{"x":0,"y":8,"t":1,"a":0},{"x":0,"y":9,"t":1,"a":0},{"x":0,"y":10,"t":1,"a":0},{"x":0,"y":11,"t":1,"a":0},{"x":0,"y":12,"t":1,"a":0},{"x":0,"y":13,"t":1,"a":0},{"x":0,"y":14,"t":1,"a":0},{"x":0,"y":15,"t":1,"a":0},{"x":0,"y":16,"t":1,"a":0},{"x":1,"y":0,"b":120},{"x":1,"y":1,"t":4,"a":1},{"x":1,"y":2,"t":1,"a":0},{"x":1,"y":3,"t":1,"a":0},{"x":1,"y":4,"t":1,"a":0},{"x":1,"y":5,"t":1,"a":0},{"x":1,"y":6,"t":1,"a":0},{"x":1,"y":7,"t":1,"a":0},{"x":1,"y":8,"t":1,"a":0},{"x":1,"y":9,"t":1,"a":0},{"x":1,"y":10,"t":1,"a":0},{"x":1,"y":11,"t":1,"a":0},{"x":1,"y":12,"t":1,"a":0},{"x":1,"y":13,"t":1,"a":0},{"x":1,"y":14,"t":1,"a":0},{"x":1,"y":15,"t":1,"a":0},{"x":1,"y":16,"t":1,"a":0},{"x":2,"y":0,"b":120},{"x":2,"y":1,"t":4,"a":1},{"x":2,"y":2,"t":1,"a":0},{"x":2,"y":3,"t":1,"a":0},{"x":2,"y":4,"t":1,"a":0},{"x":2,"y":5,"t":1,"a":0},{"x":2,"y":6,"t":1,"a":0},{"x":2,"y":7,"t":1,"a":0},{"x":2,"y":8,"t":1,"a":0},{"x":2,"y":9,"t":1,"a":0},{"x":2,"y":10,"t":1,"a":0},{"x":2,"y":11,"t":1,"a":0},{"x":2,"y":12,"t":1,"a":0},{"x":2,"y":13,"t":1,"a":0},{"x":2,"y":14,"t":1,"a":0},{"x":2,"y":15,"t":1,"a":0},{"x":2,"y":16,"t":1,"a":0},{"x":3,"y":0,"b":120},{"x":3,"y":1,"t":4,"a":1},{"x":3,"y":2,"t":1,"a":0},{"x":3,"y":3,"t":1,"a":0},{"x":3,"y":4,"t":1,"a":0},{"x":3,"y":5,"t":1,"a":0},{"x":3,"y":6,"t":1,"a":0},{"x":3,"y":7,"t":1,"a":0},{"x":3,"y":8,"t":1,"a":0},{"x":3,"y":9,"t":1,"a":0},{"x":3,"y":10,"t":1,"a":0},{"x":3,"y":11,"t":1,"a":0},{"x":3,"y":12,"t":1,"a":0},{"x":3,"y":13,"t":1,"a":0},{"x":3,"y":14,"t":1,"a":0},{"x":3,"y":15,"t":1,"a":0},{"x":3,"y":16,"t":1,"a":0},{"x":4,"y":0,"b":120},{"x":4,"y":1,"t":4,"a":1},{"x":4,"y":2,"t":1,"a":0},{"x":4,"y":3,"t":1,"a":0},{"x":4,"y":4,"t":1,"a":0},{"x":4,"y":5,"t":1,"a":0},{"x":4,"y":6,"t":1,"a":0},{"x":4,"y":7,"t":1,"a":0},{"x":4,"y":8,"t":1,"a":0},{"x":4,"y":9,"t":1,"a":0},{"x":4,"y":10,"t":1,"a":0},{"x":4,"y":11,"t":1,"a":0},{"x":4,"y":12,"t":1,"a":0},{"x":4,"y":13,"t":1,"a":0},{"x":4,"y":14,"t":1,"a":0},{"x":4,"y":15,"t":1,"a":0},{"x":4,"y":16,"t":1,"a":0},{"x":5,"y":0,"b":120},{"x":5,"y":1,"t":4,"a":1},{"x":5,"y":2,"t":1,"a":0},{"x":5,"y":3,"t":1,"a":0},{"x":5,"y":4,"t":1,"a":0},{"x":5,"y":5,"t":1,"a":0},{"x":5,"y":6,"t":1,"a":0},{"x":5,"y":7,"t":1,"a":0},{"x":5,"y":8,"t":1,"a":0},{"x":5,"y":9,"t":1,"a":0},{"x":5,"y":10,"t":1,"a":0},{"x":5,"y":11,"t":1,"a":0},{"x":5,"y":12,"t":1,"a":0},{"x":5,"y":13,"t":1,"a":0},{"x":5,"y":14,"t":1,"a":0},{"x":5,"y":15,"t":1,"a":0},{"x":5,"y":16,"t":1,"a":0}],"wavetable":[{"x":0,"y":0,"s":50},{"x":0,"y":1,"v":1,"a":0},{"x":0,"y":2,"v":4,"a":1},{"x":0,"y":3,"v":1,"a":1},{"x":0,"y":4,"v":3,"a":1},{"x":0,"y":5,"v":2,"a":1},{"x":0,"y":6,"v":2,"a":0},{"x":0,"y":7,"v":1,"a":0},{"x":0,"y":8,"v":1,"a":0},{"x":0,"y":9,"v":1,"a":0},{"x":0,"y":10,"v":1,"a":0},{"x":0,"y":11,"v":1,"a":0},{"x":0,"y":12,"v":1,"a":0},{"x":0,"y":13,"v":1,"a":0},{"x":0,"y":14,"v":1,"a":0},{"x":0,"y":15,"v":1,"a":0},{"x":0,"y":16,"v":1,"a":0},{"x":0,"y":17,"v":1,"a":0},{"x":1,"y":0,"s":50},{"x":1,"y":1,"v":1,"a":0},{"x":1,"y":2,"v":2,"a":1},{"x":1,"y":3,"v":8,"a":0},{"x":1,"y":4,"v":7,"a":0},{"x":1,"y":5,"v":1,"a":0},{"x":1,"y":6,"v":1,"a":0},{"x":1,"y":7,"v":1,"a":0},{"x":1,"y":8,"v":1,"a":0},{"x":1,"y":9,"v":1,"a":0},{"x":1,"y":10,"v":1,"a":0},{"x":1,"y":11,"v":1,"a":0},{"x":1,"y":12,"v":1,"a":0},{"x":1,"y":13,"v":1,"a":0},{"x":1,"y":14,"v":1,"a":0},{"x":1,"y":15,"v":1,"a":0},{"x":1,"y":16,"v":1,"a":0},{"x":1,"y":17,"v":1,"a":0},{"x":2,"y":0,"s":37},{"x":2,"y":1,"v":1,"a":0},{"x":2,"y":2,"v":4,"a":1},{"x":2,"y":3,"v":2,"a":1},{"x":2,"y":4,"v":3,"a":1},{"x":2,"y":5,"v":4,"a":1},{"x":2,"y":6,"v":4,"a":1},{"x":2,"y":7,"v":4,"a":1},{"x":2,"y":8,"v":4,"a":1},{"x":2,"y":9,"v":1,"a":0},{"x":2,"y":10,"v":1,"a":0},{"x":2,"y":11,"v":1,"a":0},{"x":2,"y":12,"v":1,"a":0},{"x":2,"y":13,"v":1,"a":0},{"x":2,"y":14,"v":1,"a":0},{"x":2,"y":15,"v":1,"a":0},{"x":2,"y":16,"v":1,"a":0},{"x":2,"y":17,"v":1,"a":0},{"x":3,"y":0,"s":50},{"x":3,"y":1,"v":1,"a":0},{"x":3,"y":2,"v":1,"a":1},{"x":3,"y":3,"v":2,"a":0},{"x":3,"y":4,"v":3,"a":0},{"x":3,"y":5,"v":1,"a":0},{"x":3,"y":6,"v":1,"a":0},{"x":3,"y":7,"v":1,"a":0},{"x":3,"y":8,"v":1,"a":0},{"x":3,"y":9,"v":1,"a":0},{"x":3,"y":10,"v":1,"a":0},{"x":3,"y":11,"v":1,"a":0},{"x":3,"y":12,"v":1,"a":0},{"x":3,"y":13,"v":1,"a":0},{"x":3,"y":14,"v":1,"a":0},{"x":3,"y":15,"v":1,"a":0},{"x":3,"y":16,"v":1,"a":0},{"x":3,"y":17,"v":1,"a":0},{"x":4,"y":0,"s":50},{"x":4,"y":1,"v":1,"a":0},{"x":4,"y":2,"v":5,"a":1},{"x":4,"y":3,"v":1,"a":1},{"x":4,"y":4,"v":1,"a":0},{"x":4,"y":5,"v":1,"a":0},{"x":4,"y":6,"v":1,"a":0},{"x":4,"y":7,"v":1,"a":0},{"x":4,"y":8,"v":1,"a":0},{"x":4,"y":9,"v":1,"a":0},{"x":4,"y":10,"v":1,"a":0},{"x":4,"y":11,"v":1,"a":0},{"x":4,"y":12,"v":1,"a":0},{"x":4,"y":13,"v":1,"a":0},{"x":4,"y":14,"v":1,"a":0},{"x":4,"y":15,"v":1,"a":0},{"x":4,"y":16,"v":1,"a":0},{"x":4,"y":17,"v":1,"a":0},{"x":5,"y":0,"s":50},{"x":5,"y":1,"v":1,"a":0},{"x":5,"y":2,"v":2,"a":1},{"x":5,"y":3,"v":1,"a":0},{"x":5,"y":4,"v":1,"a":0},{"x":5,"y":5,"v":1,"a":0},{"x":5,"y":6,"v":1,"a":0},{"x":5,"y":7,"v":1,"a":0},{"x":5,"y":8,"v":1,"a":0},{"x":5,"y":9,"v":1,"a":0},{"x":5,"y":10,"v":1,"a":0},{"x":5,"y":11,"v":1,"a":0},{"x":5,"y":12,"v":1,"a":0},{"x":5,"y":13,"v":1,"a":0},{"x":5,"y":14,"v":1,"a":0},{"x":5,"y":15,"v":1,"a":0},{"x":5,"y":16,"v":1,"a":0},{"x":5,"y":17,"v":1,"a":0},{"x":6,"y":0,"s":50},{"x":6,"y":1,"v":1,"a":0},{"x":6,"y":2,"v":1,"a":1},{"x":6,"y":3,"v":1,"a":0},{"x":6,"y":4,"v":1,"a":0},{"x":6,"y":5,"v":1,"a":0},{"x":6,"y":6,"v":1,"a":0},{"x":6,"y":7,"v":1,"a":0},{"x":6,"y":8,"v":1,"a":0},{"x":6,"y":9,"v":1,"a":0},{"x":6,"y":10,"v":1,"a":0},{"x":6,"y":11,"v":1,"a":0},{"x":6,"y":12,"v":1,"a":0},{"x":6,"y":13,"v":1,"a":0},{"x":6,"y":14,"v":1,"a":0},{"x":6,"y":15,"v":1,"a":0},{"x":6,"y":16,"v":1,"a":0},{"x":6,"y":17,"v":1,"a":0},{"x":7,"y":0,"s":50},{"x":7,"y":1,"v":1,"a":0},{"x":7,"y":2,"v":1,"a":1},{"x":7,"y":3,"v":1,"a":0},{"x":7,"y":4,"v":1,"a":0},{"x":7,"y":5,"v":1,"a":0},{"x":7,"y":6,"v":1,"a":0},{"x":7,"y":7,"v":1,"a":0},{"x":7,"y":8,"v":1,"a":0},{"x":7,"y":9,"v":1,"a":0},{"x":7,"y":10,"v":1,"a":0},{"x":7,"y":11,"v":1,"a":0},{"x":7,"y":12,"v":1,"a":0},{"x":7,"y":13,"v":1,"a":0},{"x":7,"y":14,"v":1,"a":0},{"x":7,"y":15,"v":1,"a":0},{"x":7,"y":16,"v":1,"a":0},{"x":7,"y":17,"v":1,"a":0},{"x":8,"y":0,"s":50},{"x":8,"y":1,"v":1,"a":0},{"x":8,"y":2,"v":1,"a":1},{"x":8,"y":3,"v":1,"a":0},{"x":8,"y":4,"v":1,"a":0},{"x":8,"y":5,"v":1,"a":0},{"x":8,"y":6,"v":1,"a":0},{"x":8,"y":7,"v":1,"a":0},{"x":8,"y":8,"v":1,"a":0},{"x":8,"y":9,"v":1,"a":0},{"x":8,"y":10,"v":1,"a":0},{"x":8,"y":11,"v":1,"a":0},{"x":8,"y":12,"v":1,"a":0},{"x":8,"y":13,"v":1,"a":0},{"x":8,"y":14,"v":1,"a":0},{"x":8,"y":15,"v":1,"a":0},{"x":8,"y":16,"v":1,"a":0},{"x":8,"y":17,"v":1,"a":0},{"x":9,"y":0,"s":50},{"x":9,"y":1,"v":1,"a":0},{"x":9,"y":2,"v":1,"a":1},{"x":9,"y":3,"v":1,"a":0},{"x":9,"y":4,"v":1,"a":0},{"x":9,"y":5,"v":1,"a":0},{"x":9,"y":6,"v":1,"a":0},{"x":9,"y":7,"v":1,"a":0},{"x":9,"y":8,"v":1,"a":0},{"x":9,"y":9,"v":1,"a":0},{"x":9,"y":10,"v":1,"a":0},{"x":9,"y":11,"v":1,"a":0},{"x":9,"y":12,"v":1,"a":0},{"x":9,"y":13,"v":1,"a":0},{"x":9,"y":14,"v":1,"a":0},{"x":9,"y":15,"v":1,"a":0},{"x":9,"y":16,"v":1,"a":0},{"x":9,"y":17,"v":1,"a":0},{"x":10,"y":0,"s":50},{"x":10,"y":1,"v":1,"a":0},{"x":10,"y":2,"v":1,"a":1},{"x":10,"y":3,"v":1,"a":0},{"x":10,"y":4,"v":1,"a":0},{"x":10,"y":5,"v":1,"a":0},{"x":10,"y":6,"v":1,"a":0},{"x":10,"y":7,"v":1,"a":0},{"x":10,"y":8,"v":1,"a":0},{"x":10,"y":9,"v":1,"a":0},{"x":10,"y":10,"v":1,"a":0},{"x":10,"y":11,"v":1,"a":0},{"x":10,"y":12,"v":1,"a":0},{"x":10,"y":13,"v":1,"a":0},{"x":10,"y":14,"v":1,"a":0},{"x":10,"y":15,"v":1,"a":0},{"x":10,"y":16,"v":1,"a":0},{"x":10,"y":17,"v":1,"a":0},{"x":11,"y":0,"s":50},{"x":11,"y":1,"v":1,"a":0},{"x":11,"y":2,"v":1,"a":1},{"x":11,"y":3,"v":1,"a":0},{"x":11,"y":4,"v":1,"a":0},{"x":11,"y":5,"v":1,"a":0},{"x":11,"y":6,"v":1,"a":0},{"x":11,"y":7,"v":1,"a":0},{"x":11,"y":8,"v":1,"a":0},{"x":11,"y":9,"v":1,"a":0},{"x":11,"y":10,"v":1,"a":0},{"x":11,"y":11,"v":1,"a":0},{"x":11,"y":12,"v":1,"a":0},{"x":11,"y":13,"v":1,"a":0},{"x":11,"y":14,"v":1,"a":0},{"x":11,"y":15,"v":1,"a":0},{"x":11,"y":16,"v":1,"a":0},{"x":11,"y":17,"v":1,"a":0}]}