{"build":19,"file_version":4,"master_amp_percent":74,"solo_voice":-1,"solo_track":-1,"track_height":32,"arp":10,"track_highlight_interval":4,"active_tempo_column":0,"nodes":[{"p":0,"c":0,"r":0,"n":48,"t":1,"i":0,"e":45,"f":-1,"g":45,"h":-1,"j":45,"k":-1},{"p":0,"c":0,"r":2,"n":48,"t":1,"i":0,"e":45,"f":-1,"g":45,"h":-1,"j":45,"k":-1},{"p":0,"c":0,"r":4,"n":60,"t":1,"i":0,"e":45,"f":-1,"g":45,"h":-1,"j":45,"k":-1},{"p":0,"c":0,"r":6,"n":48,"t":1,"i":0,"e":45,"f":-1,"g":45,"h":-1,"j":45,"k":-1},{"p":0,"c":0,"r":7,"n":60,"t":1,"i":0,"e":45,"f":-1,"g":45,"h":-1,"j":45,"k":-1},{"p":0,"c":0,"r":8,"n":48,"t":1,"i":0,"e":45,"f":-1,"g":45,"h":-1,"j":45,"k":-1},{"p":0,"c":0,"r":9,"n":60,"t":1,"i":0,"e":45,"f":-1,"g":45,"h":-1,"j":45,"k":-1},{"p":0,"c":0,"r":10,"n":48,"t":1,"i":0,"e":45,"f":-1,"g":45,"h":-1,"j":45,"k":-1},{"p":0,"c":0,"r":11,"n":48,"t":1,"i":0,"e":45,"f":-1,"g":45,"h":-1,"j":45,"k":-1},{"p":0,"c":0,"r":12,"n":60,"t":1,"i":0,"e":45,"f":-1,"g":45,"h":-1,"j":45,"k":-1},{"p":0,"c":0,"r":16,"n":48,"t":1,"i":0,"e":45,"f":-1,"g":45,"h":-1,"j":45,"k":-1},{"p":0,"c":0,"r":18,"n":48,"t":1,"i":0,"e":45,"f":-1,"g":45,"h":-1,"j":45,"k":-1},{"p":0,"c":0,"r":20,"n":60,"t":1,"i":0,"e":45,"f":-1,"g":45,"h":-1,"j":45,"k":-1},{"p":0,"c":0,"r":22,"n":48,"t":1,"i":0,"e":45,"f":-1,"g":45,"h":-1,"j":45,"k":-1},{"p":0,"c":0,"r":23,"n":60,"t":1,"i":0,"e":45,"f":-1,"g":45,"h":-1,"j":45,"k":-1},{"p":0,"c":0,"r":24,"n":48,"t":1,"i":0,"e":45,"f":-1,"g":45,"h":-1,"j":45,"k":-1},{"p":0,"c":0,"r":27,"n":48,"t":1,"i":0,"e":45,"f":-1,"g":45,"h":-1,"j":45,"k":-1},{"p":0,"c":0,"r":30,"n":48,"t":1,"i":0,"e":45,"f":-1,"g":45,"h":-1,"j":45,"k":-1},{"p":0,"c":1,"r":4,"n":48,"t":1,"i":1,"e":45,"f":-1,"g":45,"h":-1,"j":45,"k":-1},{"p":0,"c":1,"r":7,"n":48,"t":1,"i":1,"e":65,"f":10,"g":53,"h":5,"j":54,"k":6},{"p":0,"c":1,"r":9,"n":48,"t":1,"i":1,"e":65,"f":10,"g":56,"h":8,"j":57,"k":9},{"p":0,"c":1,"r":12,"n":48,"t":1,"i":2,"e":45,"f":-1,"g":45,"h":-1,"j":45,"k":-1},{"p":0,"c":1,"r":13,"n":48,"t":1,"i":2,"e":45,"f":-1,"g":45,"h":-1,"j":45,"k":-1},{"p":0,"c":1,"r":14,"n":48,"t":1,"i":2,"e":45,"f":-1,"g":45,"h":-1,"j":45,"k":-1},{"p":0,"c":1,"r":15,"n":48,"t":1,"i":2,"e":45,"f":-1,"g":45,"h":-1,"j":45,"k":-1},{"p":0,"c":1,"r":20,"n":48,"t":1,"i":1,"e":45,"f":-1,"g":45,"h":-1,"j":45,"k":-1},{"p":0,"c":1,"r":23,"n":48,"t":1,"i":1,"e":65,"f":10,"g":53,"h":5,"j":54,"k":6},{"p":0,"c":2,"r":0,"n":19,"t":1,"i":3,"e":45,"f":-1,"g":45,"h":-1,"j":45,"k":-1},{"p":0,"c":2,"r":3,"n":13,"t":1,"i":3,"e":45,"f":-1,"g":45,"h":-1,"j":45,"k":-1},{"p":0,"c":2,"r":6,"n":13,"t":1,"i":3,"e":45,"f":-1,"g":45,"h":-1,"j":45,"k":-1},{"p":0,"c":2,"r":9,"n":13,"t":1,"i":3,"e":45,"f":-1,"g":45,"h":-1,"j":45,"k":-1},{"p":0,"c":2,"r":12,"n":13,"t":1,"i":3,"e":45,"f":-1,"g":45,"h":-1,"j":45,"k":-1},{"p":0,"c":2,"r":14,"n":13,"t":1,"i":3,"e":45,"f":-1,"g":45,"h":-1,"j":45,"k":-1},{"p":0,"c":2,"r":16,"n":19,"t":1,"i":3,"e":45,"f":-1,"g":45,"h":-1,"j":45,"k":-1},{"p":0,"c":2,"r":19,"n":13,"t":1,"i":3,"e":45,"f":-1,"g":45,"h":-1,"j":45,"k":-1},{"p":0,"c":2,"r":23,"n":13,"t":1,"i":3,"e":45,"f":-1,"g":45,"h":-1,"j":45,"k":-1},{"p":0,"c":2,"r":24,"n":13,"t":1,"i":3,"e":45,"f":-1,"g":45,"h":-1,"j":45,"k":-1},{"p":0,"c":2,"r":25,"n":13,"t":1,"i":3,"e":45,"f":-1,"g":45,"h":-1,"j":45,"k":-1},{"p":0,"c":2,"r":26,"n":13,"t":1,"i":3,"e":45,"f":-1,"g":45,"h":-1,"j":45,"k":-1},{"p":0,"c":2,"r":27,"n":13,"t":1,"i":3,"e":45,"f":-1,"g":45,"h":-1,"j":45,"k":-1},{"p":0,"c":2,"r":28,"n":13,"t":1,"i":3,"e":45,"f":-1,"g":45,"h":-1,"j":45,"k":-1},{"p":0,"c":2,"r":29,"n":13,"t":1,"i":3,"e":45,"f":-1,"g":45,"h":-1,"j":45,"k":-1},{"p":0,"c":2,"r":30,"n":13,"t":1,"i":3,"e":45,"f":-1,"g":45,"h":-1,"j":45,"k":-1},{"p":0,"c":2,"r":31,"n":13,"t":1,"i":3,"e":45,"f":-1,"g":45,"h":-1,"j":45,"k":-1},{"p":0,"c":3,"r":0,"n":26,"t":1,"i":3,"e":45,"f":-1,"g":45,"h":-1,"j":45,"k":-1},{"p":0,"c":3,"r":3,"n":20,"t":1,"i":3,"e":45,"f":-1,"g":45,"h":-1,"j":45,"k":-1},{"p":0,"c":3,"r":6,"n":20,"t":1,"i":3,"e":45,"f":-1,"g":45,"h":-1,"j":45,"k":-1},{"p":0,"c":3,"r":9,"n":20,"t":1,"i":3,"e":45,"f":-1,"g":45,"h":-1,"j":45,"k":-1},{"p":0,"c":3,"r":12,"n":20,"t":1,"i":3,"e":45,"f":-1,"g":45,"h":-1,"j":45,"k":-1},{"p":0,"c":3,"r":14,"n":20,"t":1,"i":3,"e":45,"f":-1,"g":45,"h":-1,"j":45,"k":-1},{"p":0,"c":3,"r":16,"n":26,"t":1,"i":3,"e":45,"f":-1,"g":45,"h":-1,"j":45,"k":-1},{"p":0,"c":3,"r":19,"n":20,"t":1,"i":3,"e":45,"f":-1,"g":45,"h":-1,"j":45,"k":-1},{"p":0,"c":3,"r":23,"n":20,"t":1,"i":3,"e":45,"f":-1,"g":45,"h":-1,"j":45,"k":-1},{"p":0,"c":3,"r":24,"n":20,"t":1,"i":3,"e":45,"f":-1,"g":45,"h":-1,"j":45,"k":-1},{"p":0,"c":3,"r":25,"n":20,"t":1,"i":3,"e":45,"f":-1,"g":45,"h":-1,"j":45,"k":-1},{"p":0,"c":3,"r":26,"n":20,"t":1,"i":3,"e":45,"f":-1,"g":45,"h":-1,"j":45,"k":-1},{"p":0,"c":3,"r":27,"n":20,"t":1,"i":3,"e":45,"f":-1,"g":45,"h":-1,"j":45,"k":-1},{"p":0,"c":3,"r":28,"n":32,"t":1,"i":3,"e":45,"f":-1,"g":45,"h":-1,"j":45,"k":-1},{"p":0,"c":3,"r":29,"n":32,"t":1,"i":3,"e":45,"f":-1,"g":45,"h":-1,"j":45,"k":-1},{"p":0,"c":3,"r":30,"n":32,"t":1,"i":3,"e":45,"f":-1,"g":45,"h":-1,"j":45,"k":-1},{"p":0,"c":3,"r":31,"n":32,"t":1,"i":3,"e":45,"f":-1,"g":45,"h":-1,"j":45,"k":-1},{"p":0,"c":4,"r":0,"n":76,"t":1,"i":4,"e":65,"f":10,"g":70,"h":15,"j":65,"k":10},{"p":0,"c":4,"r":1,"n":84,"t":1,"i":4,"e":65,"f":10,"g":54,"h":6,"j":69,"k":14},{"p":0,"c":4,"r":2,"n":64,"t":1,"i":4,"e":65,"f":10,"g":69,"h":14,"j":56,"k":8},{"p":0,"c":4,"r":3,"n":86,"t":1,"i":4,"e":65,"f":10,"g":55,"h":7,"j":54,"k":6},{"p":0,"c":4,"r":4,"n":76,"t":1,"i":4,"e":65,"f":10,"g":70,"h":15,"j":54,"k":6},{"p":0,"c":4,"r":5,"n":84,"t":1,"i":4,"e":65,"f":10,"g":65,"h":10,"j":56,"k":8},{"p":0,"c":4,"r":6,"n":64,"t":1,"i":4,"e":65,"f":10,"g":55,"h":7,"j":65,"k":10},{"p":0,"c":4,"r":7,"n":69,"t":1,"i":4,"e":65,"f":10,"g":69,"h":14,"j":53,"k":5},{"p":0,"c":4,"r":8,"n":76,"t":1,"i":4,"e":65,"f":10,"g":55,"h":7,"j":69,"k":14},{"p":0,"c":4,"r":9,"n":64,"t":1,"i":4,"e":65,"f":10,"g":65,"h":10,"j":70,"k":15},{"p":0,"c":4,"r":10,"n":69,"t":1,"i":4,"e":65,"f":10,"g":69,"h":14,"j":53,"k":5},{"p":0,"c":4,"r":11,"n":86,"t":1,"i":4,"e":65,"f":10,"g":55,"h":7,"j":54,"k":6},{"p":0,"c":4,"r":12,"n":76,"t":1,"i":4,"e":65,"f":10,"g":54,"h":6,"j":65,"k":10},{"p":0,"c":4,"r":13,"n":84,"t":1,"i":4,"e":65,"f":10,"g":65,"h":10,"j":56,"k":8},{"p":0,"c":4,"r":14,"n":64,"t":1,"i":4,"e":65,"f":10,"g":69,"h":14,"j":54,"k":6},{"p":0,"c":4,"r":15,"n":69,"t":1,"i":4,"e":65,"f":10,"g":55,"h":7,"j":53,"k":5},{"p":0,"c":4,"r":16,"n":86,"t":1,"i":4,"e":65,"f":10,"g":65,"h":10,"j":69,"k":14},{"p":0,"c":4,"r":17,"n":76,"t":1,"i":4,"e":65,"f":10,"g":69,"h":14,"j":70,"k":15},{"p":0,"c":4,"r":18,"n":84,"t":1,"i":4,"e":65,"f":10,"g":55,"h":7,"j":54,"k":6},{"p":0,"c":4,"r":19,"n":64,"t":1,"i":4,"e":65,"f":10,"g":70,"h":15,"j":65,"k":10},{"p":0,"c":4,"r":20,"n":69,"t":1,"i":4,"e":65,"f":10,"g":55,"h":7,"j":69,"k":14},{"p":0,"c":4,"r":21,"n":86,"t":1,"i":4,"e":65,"f":10,"g":69,"h":14,"j":53,"k":5},{"p":0,"c":4,"r":22,"n":76,"t":1,"i":4,"e":65,"f":10,"g":54,"h":6,"j":54,"k":6},{"p":0,"c":4,"r":23,"n":84,"t":1,"i":4,"e":65,"f":10,"g":65,"h":10,"j":70,"k":15},{"p":0,"c":4,"r":24,"n":64,"t":1,"i":4,"e":65,"f":10,"g":69,"h":14,"j":65,"k":10},{"p":0,"c":4,"r":25,"n":69,"t":1,"i":4,"e":65,"f":10,"g":70,"h":15,"j":69,"k":14},{"p":0,"c":4,"r":26,"n":86,"t":1,"i":4,"e":65,"f":10,"g":54,"h":6,"j":53,"k":5},{"p":0,"c":4,"r":27,"n":84,"t":1,"i":4,"e":65,"f":10,"g":53,"h":5,"j":54,"k":6},{"p":0,"c":4,"r":28,"n":76,"t":1,"i":4,"e":65,"f":10,"g":54,"h":6,"j":70,"k":15},{"p":0,"c":4,"r":29,"n":64,"t":1,"i":4,"e":65,"f":10,"g":70,"h":15,"j":54,"k":6},{"p":0,"c":4,"r":30,"n":71,"t":1,"i":4,"e":65,"f":10,"g":54,"h":6,"j":53,"k":5},{"p":0,"c":4,"r":31,"n":86,"t":1,"i":4,"e":65,"f":10,"g":65,"h":10,"j":70,"k":15},{"p":1,"c":0,"r":0,"n":48,"t":1,"i":0,"e":45,"f":-1,"g":45,"h":-1,"j":45,"k":-1},{"p":1,"c":0,"r":2,"n":48,"t":1,"i":0,"e":45,"f":-1,"g":45,"h":-1,"j":45,"k":-1},{"p":1,"c":0,"r":4,"n":60,"t":1,"i":0,"e":45,"f":-1,"g":45,"h":-1,"j":45,"k":-1},{"p":1,"c":0,"r":6,"n":48,"t":1,"i":0,"e":45,"f":-1,"g":45,"h":-1,"j":45,"k":-1},{"p":1,"c":0,"r":7,"n":60,"t":1,"i":0,"e":45,"f":-1,"g":45,"h":-1,"j":45,"k":-1},{"p":1,"c":0,"r":8,"n":48,"t":1,"i":0,"e":45,"f":-1,"g":45,"h":-1,"j":45,"k":-1},{"p":1,"c":0,"r":9,"n":60,"t":1,"i":0,"e":45,"f":-1,"g":45,"h":-1,"j":45,"k":-1},{"p":1,"c":0,"r":10,"n":48,"t":1,"i":0,"e":45,"f":-1,"g":45,"h":-1,"j":45,"k":-1},{"p":1,"c":0,"r":11,"n":48,"t":1,"i":0,"e":45,"f":-1,"g":45,"h":-1,"j":45,"k":-1},{"p":1,"c":0,"r":12,"n":60,"t":1,"i":0,"e":45,"f":-1,"g":45,"h":-1,"j":45,"k":-1},{"p":1,"c":0,"r":16,"n":48,"t":1,"i":0,"e":45,"f":-1,"g":45,"h":-1,"j":45,"k":-1},{"p":1,"c":0,"r":17,"n":60,"t":1,"i":0,"e":45,"f":-1,"g":45,"h":-1,"j":45,"k":-1},{"p":1,"c":0,"r":18,"n":48,"t":1,"i":0,"e":45,"f":-1,"g":45,"h":-1,"j":45,"k":-1},{"p":1,"c":0,"r":19,"n":52,"t":1,"i":0,"e":45,"f":-1,"g":45,"h":-1,"j":45,"k":-1},{"p":1,"c":0,"r":20,"n":60,"t":1,"i":0,"e":45,"f":-1,"g":45,"h":-1,"j":45,"k":-1},{"p":1,"c":0,"r":24,"n":48,"t":1,"i":0,"e":45,"f":-1,"g":45,"h":-1,"j":45,"k":-1},{"p":1,"c":0,"r":30,"n":60,"t":1,"i":0,"e":45,"f":-1,"g":45,"h":-1,"j":45,"k":-1},{"p":1,"c":1,"r":4,"n":48,"t":1,"i":1,"e":45,"f":-1,"g":45,"h":-1,"j":45,"k":-1},{"p":1,"c":1,"r":7,"n":48,"t":1,"i":1,"e":65,"f":10,"g":53,"h":5,"j":54,"k":6},{"p":1,"c":1,"r":9,"n":48,"t":1,"i":1,"e":65,"f":10,"g":56,"h":8,"j":57,"k":9},{"p":1,"c":1,"r":12,"n":48,"t":1,"i":2,"e":45,"f":-1,"g":45,"h":-1,"j":45,"k":-1},{"p":1,"c":1,"r":13,"n":48,"t":1,"i":2,"e":45,"f":-1,"g":45,"h":-1,"j":45,"k":-1},{"p":1,"c":1,"r":14,"n":48,"t":1,"i":2,"e":45,"f":-1,"g":45,"h":-1,"j":45,"k":-1},{"p":1,"c":1,"r":15,"n":48,"t":1,"i":2,"e":45,"f":-1,"g":45,"h":-1,"j":45,"k":-1},{"p":1,"c":1,"r":20,"n":48,"t":1,"i":1,"e":45,"f":-1,"g":45,"h":-1,"j":45,"k":-1},{"p":1,"c":1,"r":23,"n":48,"t":1,"i":1,"e":65,"f":10,"g":53,"h":5,"j":54,"k":6},{"p":1,"c":1,"r":30,"n":48,"t":1,"i":1,"e":45,"f":-1,"g":45,"h":-1,"j":45,"k":-1},{"p":1,"c":2,"r":0,"n":19,"t":1,"i":3,"e":45,"f":-1,"g":45,"h":-1,"j":45,"k":-1},{"p":1,"c":2,"r":3,"n":13,"t":1,"i":3,"e":45,"f":-1,"g":45,"h":-1,"j":45,"k":-1},{"p":1,"c":2,"r":6,"n":13,"t":1,"i":3,"e":45,"f":-1,"g":45,"h":-1,"j":45,"k":-1},{"p":1,"c":2,"r":9,"n":13,"t":1,"i":3,"e":45,"f":-1,"g":45,"h":-1,"j":45,"k":-1},{"p":1,"c":2,"r":12,"n":13,"t":1,"i":3,"e":45,"f":-1,"g":45,"h":-1,"j":45,"k":-1},{"p":1,"c":2,"r":14,"n":13,"t":1,"i":3,"e":45,"f":-1,"g":45,"h":-1,"j":45,"k":-1},{"p":1,"c":2,"r":16,"n":19,"t":1,"i":3,"e":45,"f":-1,"g":45,"h":-1,"j":45,"k":-1},{"p":1,"c":2,"r":17,"n":31,"t":1,"i":3,"e":45,"f":-1,"g":45,"h":-1,"j":45,"k":-1},{"p":1,"c":2,"r":18,"n":31,"t":1,"i":3,"e":45,"f":-1,"g":45,"h":-1,"j":45,"k":-1},{"p":1,"c":2,"r":19,"n":13,"t":1,"i":3,"e":45,"f":-1,"g":45,"h":-1,"j":45,"k":-1},{"p":1,"c":2,"r":20,"n":29,"t":1,"i":3,"e":45,"f":-1,"g":45,"h":-1,"j":45,"k":-1},{"p":1,"c":2,"r":21,"n":29,"t":1,"i":3,"e":45,"f":-1,"g":45,"h":-1,"j":45,"k":-1},{"p":1,"c":2,"r":22,"n":29,"t":1,"i":3,"e":45,"f":-1,"g":45,"h":-1,"j":45,"k":-1},{"p":1,"c":2,"r":23,"n":29,"t":1,"i":3,"e":45,"f":-1,"g":45,"h":-1,"j":45,"k":-1},{"p":1,"c":3,"r":0,"n":26,"t":1,"i":3,"e":45,"f":-1,"g":45,"h":-1,"j":45,"k":-1},{"p":1,"c":3,"r":3,"n":20,"t":1,"i":3,"e":45,"f":-1,"g":45,"h":-1,"j":45,"k":-1},{"p":1,"c":3,"r":6,"n":20,"t":1,"i":3,"e":45,"f":-1,"g":45,"h":-1,"j":45,"k":-1},{"p":1,"c":3,"r":9,"n":20,"t":1,"i":3,"e":45,"f":-1,"g":45,"h":-1,"j":45,"k":-1},{"p":1,"c":3,"r":12,"n":20,"t":1,"i":3,"e":45,"f":-1,"g":45,"h":-1,"j":45,"k":-1},{"p":1,"c":3,"r":14,"n":20,"t":1,"i":3,"e":45,"f":-1,"g":45,"h":-1,"j":45,"k":-1},{"p":1,"c":3,"r":16,"n":35,"t":1,"i":3,"e":45,"f":-1,"g":45,"h":-1,"j":45,"k":-1},{"p":1,"c":3,"r":17,"n":35,"t":1,"i":3,"e":45,"f":-1,"g":45,"h":-1,"j":45,"k":-1},{"p":1,"c":3,"r":18,"n":32,"t":1,"i":3,"e":45,"f":-1,"g":45,"h":-1,"j":45,"k":-1},{"p":1,"c":3,"r":19,"n":30,"t":1,"i":3,"e":45,"f":-1,"g":45,"h":-1,"j":45,"k":-1},{"p":1,"c":3,"r":20,"n":35,"t":1,"i":3,"e":45,"f":-1,"g":45,"h":-1,"j":45,"k":-1},{"p":1,"c":3,"r":21,"n":35,"t":1,"i":3,"e":45,"f":-1,"g":45,"h":-1,"j":45,"k":-1},{"p":1,"c":3,"r":22,"n":35,"t":1,"i":3,"e":45,"f":-1,"g":45,"h":-1,"j":45,"k":-1},{"p":1,"c":3,"r":23,"n":20,"t":1,"i":3,"e":45,"f":-1,"g":45,"h":-1,"j":45,"k":-1},{"p":1,"c":4,"r":0,"n":76,"t":1,"i":4,"e":65,"f":10,"g":70,"h":15,"j":65,"k":10},{"p":1,"c":4,"r":1,"n":84,"t":1,"i":4,"e":65,"f":10,"g":54,"h":6,"j":69,"k":14},{"p":1,"c":4,"r":2,"n":64,"t":1,"i":4,"e":65,"f":10,"g":69,"h":14,"j":56,"k":8},{"p":1,"c":4,"r":3,"n":86,"t":1,"i":4,"e":65,"f":10,"g":55,"h":7,"j":54,"k":6},{"p":1,"c":4,"r":4,"n":76,"t":1,"i":4,"e":65,"f":10,"g":70,"h":15,"j":54,"k":6},{"p":1,"c":4,"r":5,"n":84,"t":1,"i":4,"e":65,"f":10,"g":65,"h":10,"j":56,"k":8},{"p":1,"c":4,"r":6,"n":64,"t":1,"i":4,"e":65,"f":10,"g":55,"h":7,"j":65,"k":10},{"p":1,"c":4,"r":7,"n":69,"t":1,"i":4,"e":65,"f":10,"g":69,"h":14,"j":53,"k":5},{"p":1,"c":4,"r":8,"n":76,"t":1,"i":4,"e":65,"f":10,"g":55,"h":7,"j":69,"k":14},{"p":1,"c":4,"r":9,"n":64,"t":1,"i":4,"e":65,"f":10,"g":65,"h":10,"j":70,"k":15},{"p":1,"c":4,"r":10,"n":69,"t":1,"i":4,"e":65,"f":10,"g":69,"h":14,"j":53,"k":5},{"p":1,"c":4,"r":11,"n":86,"t":1,"i":4,"e":65,"f":10,"g":55,"h":7,"j":54,"k":6},{"p":1,"c":4,"r":12,"n":76,"t":1,"i":4,"e":65,"f":10,"g":54,"h":6,"j":65,"k":10},{"p":1,"c":4,"r":13,"n":84,"t":1,"i":4,"e":65,"f":10,"g":65,"h":10,"j":56,"k":8},{"p":1,"c":4,"r":14,"n":64,"t":1,"i":4,"e":65,"f":10,"g":69,"h":14,"j":54,"k":6},{"p":1,"c":4,"r":15,"n":69,"t":1,"i":4,"e":65,"f":10,"g":55,"h":7,"j":53,"k":5},{"p":1,"c":4,"r":16,"n":86,"t":1,"i":4,"e":65,"f":10,"g":65,"h":10,"j":69,"k":14},{"p":1,"c":4,"r":17,"n":76,"t":1,"i":4,"e":65,"f":10,"g":69,"h":14,"j":70,"k":15},{"p":1,"c":4,"r":18,"n":84,"t":1,"i":4,"e":65,"f":10,"g":55,"h":7,"j":54,"k":6},{"p":1,"c":4,"r":19,"n":64,"t":1,"i":4,"e":65,"f":10,"g":70,"h":15,"j":65,"k":10},{"p":1,"c":4,"r":20,"n":69,"t":1,"i":4,"e":65,"f":10,"g":55,"h":7,"j":69,"k":14},{"p":1,"c":4,"r":21,"n":86,"t":1,"i":4,"e":65,"f":10,"g":69,"h":14,"j":53,"k":5},{"p":1,"c":4,"r":22,"n":76,"t":1,"i":4,"e":65,"f":10,"g":54,"h":6,"j":54,"k":6},{"p":1,"c":4,"r":23,"n":84,"t":1,"i":4,"e":65,"f":10,"g":65,"h":10,"j":70,"k":15},{"p":2,"c":0,"r":0,"n":48,"t":1,"i":0,"e":45,"f":-1,"g":45,"h":-1,"j":45,"k":-1},{"p":2,"c":0,"r":1,"n":48,"t":1,"i":0,"e":45,"f":-1,"g":45,"h":-1,"j":45,"k":-1},{"p":2,"c":0,"r":2,"n":48,"t":1,"i":0,"e":45,"f":-1,"g":45,"h":-1,"j":45,"k":-1},{"p":2,"c":0,"r":3,"n":48,"t":1,"i":0,"e":45,"f":-1,"g":45,"h":-1,"j":45,"k":-1},{"p":2,"c":0,"r":4,"n":48,"t":1,"i":0,"e":45,"f":-1,"g":45,"h":-1,"j":45,"k":-1},{"p":2,"c":0,"r":5,"n":48,"t":1,"i":0,"e":45,"f":-1,"g":45,"h":-1,"j":45,"k":-1},{"p":2,"c":0,"r":6,"n":48,"t":1,"i":0,"e":45,"f":-1,"g":45,"h":-1,"j":45,"k":-1},{"p":2,"c":0,"r":7,"n":48,"t":1,"i":0,"e":45,"f":-1,"g":45,"h":-1,"j":45,"k":-1},{"p":2,"c":0,"r":8,"n":48,"t":1,"i":0,"e":45,"f":-1,"g":45,"h":-1,"j":45,"k":-1},{"p":2,"c":0,"r":9,"n":48,"t":1,"i":0,"e":45,"f":-1,"g":45,"h":-1,"j":45,"k":-1},{"p":2,"c":0,"r":10,"n":48,"t":1,"i":0,"e":45,"f":-1,"g":45,"h":-1,"j":45,"k":-1},{"p":2,"c":0,"r":11,"n":48,"t":1,"i":0,"e":45,"f":-1,"g":45,"h":-1,"j":45,"k":-1},{"p":2,"c":0,"r":12,"n":48,"t":1,"i":0,"e":45,"f":-1,"g":45,"h":-1,"j":45,"k":-1},{"p":2,"c":0,"r":13,"n":48,"t":1,"i":0,"e":45,"f":-1,"g":45,"h":-1,"j":45,"k":-1},{"p":2,"c":0,"r":14,"n":48,"t":1,"i":0,"e":45,"f":-1,"g":45,"h":-1,"j":45,"k":-1},{"p":2,"c":0,"r":15,"n":48,"t":1,"i":0,"e":45,"f":-1,"g":45,"h":-1,"j":45,"k":-1},{"p":2,"c":0,"r":16,"n":48,"t":1,"i":0,"e":45,"f":-1,"g":45,"h":-1,"j":45,"k":-1},{"p":2,"c":0,"r":17,"n":48,"t":1,"i":0,"e":45,"f":-1,"g":45,"h":-1,"j":45,"k":-1},{"p":2,"c":0,"r":18,"n":48,"t":1,"i":0,"e":45,"f":-1,"g":45,"h":-1,"j":45,"k":-1},{"p":2,"c":0,"r":19,"n":48,"t":1,"i":0,"e":45,"f":-1,"g":45,"h":-1,"j":45,"k":-1},{"p":2,"c":0,"r":20,"n":48,"t":1,"i":0,"e":45,"f":-1,"g":45,"h":-1,"j":45,"k":-1},{"p":2,"c":0,"r":21,"n":48,"t":1,"i":0,"e":45,"f":-1,"g":45,"h":-1,"j":45,"k":-1},{"p":2,"c":0,"r":22,"n":48,"t":1,"i":0,"e":45,"f":-1,"g":45,"h":-1,"j":45,"k":-1},{"p":2,"c":0,"r":23,"n":48,"t":1,"i":0,"e":45,"f":-1,"g":45,"h":-1,"j":45,"k":-1},{"p":2,"c":0,"r":24,"n":48,"t":1,"i":0,"e":45,"f":-1,"g":45,"h":-1,"j":45,"k":-1},{"p":2,"c":0,"r":25,"n":48,"t":1,"i":0,"e":45,"f":-1,"g":45,"h":-1,"j":45,"k":-1},{"p":2,"c":0,"r":26,"n":48,"t":1,"i":0,"e":45,"f":-1,"g":45,"h":-1,"j":45,"k":-1},{"p":2,"c":0,"r":27,"n":48,"t":1,"i":0,"e":45,"f":-1,"g":45,"h":-1,"j":45,"k":-1},{"p":2,"c":0,"r":28,"n":48,"t":1,"i":0,"e":45,"f":-1,"g":45,"h":-1,"j":45,"k":-1},{"p":2,"c":0,"r":29,"n":48,"t":1,"i":0,"e":45,"f":-1,"g":45,"h":-1,"j":45,"k":-1},{"p":2,"c":0,"r":30,"n":48,"t":1,"i":0,"e":45,"f":-1,"g":45,"h":-1,"j":45,"k":-1},{"p":2,"c":0,"r":31,"n":48,"t":1,"i":0,"e":45,"f":-1,"g":45,"h":-1,"j":45,"k":-1},{"p":2,"c":1,"r":15,"n":0,"t":0,"i":0,"e":68,"f":13,"g":45,"h":-1,"j":45,"k":-1},{"p":2,"c":2,"r":0,"n":12,"t":1,"i":3,"e":45,"f":-1,"g":45,"h":-1,"j":45,"k":-1},{"p":2,"c":2,"r":1,"n":12,"t":1,"i":3,"e":45,"f":-1,"g":45,"h":-1,"j":45,"k":-1},{"p":2,"c":2,"r":2,"n":12,"t":1,"i":3,"e":45,"f":-1,"g":45,"h":-1,"j":45,"k":-1},{"p":2,"c":2,"r":3,"n":12,"t":1,"i":3,"e":45,"f":-1,"g":45,"h":-1,"j":45,"k":-1},{"p":2,"c":2,"r":4,"n":12,"t":1,"i":3,"e":45,"f":-1,"g":45,"h":-1,"j":45,"k":-1},{"p":2,"c":2,"r":5,"n":12,"t":1,"i":3,"e":45,"f":-1,"g":45,"h":-1,"j":45,"k":-1},{"p":2,"c":2,"r":6,"n":12,"t":1,"i":3,"e":45,"f":-1,"g":45,"h":-1,"j":45,"k":-1},{"p":2,"c":2,"r":7,"n":12,"t":1,"i":3,"e":45,"f":-1,"g":45,"h":-1,"j":45,"k":-1},{"p":2,"c":2,"r":8,"n":12,"t":1,"i":3,"e":45,"f":-1,"g":45,"h":-1,"j":45,"k":-1},{"p":2,"c":2,"r":9,"n":12,"t":1,"i":3,"e":45,"f":-1,"g":45,"h":-1,"j":45,"k":-1},{"p":2,"c":2,"r":10,"n":12,"t":1,"i":3,"e":45,"f":-1,"g":45,"h":-1,"j":45,"k":-1},{"p":2,"c":2,"r":11,"n":12,"t":1,"i":3,"e":45,"f":-1,"g":45,"h":-1,"j":45,"k":-1},{"p":2,"c":2,"r":12,"n":12,"t":1,"i":3,"e":45,"f":-1,"g":45,"h":-1,"j":45,"k":-1},{"p":2,"c":2,"r":13,"n":12,"t":1,"i":3,"e":45,"f":-1,"g":45,"h":-1,"j":45,"k":-1},{"p":2,"c":2,"r":14,"n":12,"t":1,"i":3,"e":45,"f":-1,"g":45,"h":-1,"j":45,"k":-1},{"p":2,"c":2,"r":15,"n":12,"t":1,"i":3,"e":45,"f":-1,"g":45,"h":-1,"j":45,"k":-1},{"p":2,"c":2,"r":16,"n":13,"t":1,"i":3,"e":45,"f":-1,"g":45,"h":-1,"j":45,"k":-1},{"p":2,"c":2,"r":17,"n":12,"t":1,"i":3,"e":45,"f":-1,"g":45,"h":-1,"j":45,"k":-1},{"p":2,"c":2,"r":18,"n":12,"t":1,"i":3,"e":45,"f":-1,"g":45,"h":-1,"j":45,"k":-1},{"p":2,"c":2,"r":19,"n":13,"t":1,"i":3,"e":45,"f":-1,"g":45,"h":-1,"j":45,"k":-1},{"p":2,"c":2,"r":20,"n":13,"t":1,"i":3,"e":45,"f":-1,"g":45,"h":-1,"j":45,"k":-1},{"p":2,"c":2,"r":21,"n":13,"t":1,"i":3,"e":45,"f":-1,"g":45,"h":-1,"j":45,"k":-1},{"p":2,"c":2,"r":22,"n":12,"t":1,"i":3,"e":45,"f":-1,"g":45,"h":-1,"j":45,"k":-1},{"p":2,"c":2,"r":23,"n":12,"t":1,"i":3,"e":45,"f":-1,"g":45,"h":-1,"j":45,"k":-1},{"p":2,"c":2,"r":24,"n":12,"t":1,"i":3,"e":45,"f":-1,"g":45,"h":-1,"j":45,"k":-1},{"p":2,"c":2,"r":25,"n":12,"t":1,"i":3,"e":45,"f":-1,"g":45,"h":-1,"j":45,"k":-1},{"p":2,"c":2,"r":26,"n":12,"t":1,"i":3,"e":45,"f":-1,"g":45,"h":-1,"j":45,"k":-1},{"p":2,"c":2,"r":27,"n":12,"t":1,"i":3,"e":45,"f":-1,"g":45,"h":-1,"j":45,"k":-1},{"p":2,"c":2,"r":28,"n":13,"t":1,"i":3,"e":45,"f":-1,"g":45,"h":-1,"j":45,"k":-1},{"p":2,"c":2,"r":29,"n":13,"t":1,"i":3,"e":45,"f":-1,"g":45,"h":-1,"j":45,"k":-1},{"p":2,"c":2,"r":30,"n":13,"t":1,"i":3,"e":45,"f":-1,"g":45,"h":-1,"j":45,"k":-1},{"p":2,"c":2,"r":31,"n":12,"t":1,"i":3,"e":45,"f":-1,"g":45,"h":-1,"j":45,"k":-1},{"p":2,"c":3,"r":0,"n":19,"t":1,"i":3,"e":45,"f":-1,"g":45,"h":-1,"j":45,"k":-1},{"p":2,"c":3,"r":1,"n":19,"t":1,"i":3,"e":45,"f":-1,"g":45,"h":-1,"j":45,"k":-1},{"p":2,"c":3,"r":2,"n":19,"t":1,"i":3,"e":45,"f":-1,"g":45,"h":-1,"j":45,"k":-1},{"p":2,"c":3,"r":3,"n":19,"t":1,"i":3,"e":45,"f":-1,"g":45,"h":-1,"j":45,"k":-1},{"p":2,"c":3,"r":4,"n":19,"t":1,"i":3,"e":45,"f":-1,"g":45,"h":-1,"j":45,"k":-1},{"p":2,"c":3,"r":5,"n":19,"t":1,"i":3,"e":45,"f":-1,"g":45,"h":-1,"j":45,"k":-1},{"p":2,"c":3,"r":6,"n":19,"t":1,"i":3,"e":45,"f":-1,"g":45,"h":-1,"j":45,"k":-1},{"p":2,"c":3,"r":7,"n":19,"t":1,"i":3,"e":45,"f":-1,"g":45,"h":-1,"j":45,"k":-1},{"p":2,"c":3,"r":8,"n":19,"t":1,"i":3,"e":45,"f":-1,"g":45,"h":-1,"j":45,"k":-1},{"p":2,"c":3,"r":9,"n":19,"t":1,"i":3,"e":45,"f":-1,"g":45,"h":-1,"j":45,"k":-1},{"p":2,"c":3,"r":10,"n":19,"t":1,"i":3,"e":45,"f":-1,"g":45,"h":-1,"j":45,"k":-1},{"p":2,"c":3,"r":11,"n":19,"t":1,"i":3,"e":45,"f":-1,"g":45,"h":-1,"j":45,"k":-1},{"p":2,"c":3,"r":12,"n":19,"t":1,"i":3,"e":45,"f":-1,"g":45,"h":-1,"j":45,"k":-1},{"p":2,"c":3,"r":13,"n":19,"t":1,"i":3,"e":45,"f":-1,"g":45,"h":-1,"j":45,"k":-1},{"p":2,"c":3,"r":14,"n":19,"t":1,"i":3,"e":45,"f":-1,"g":45,"h":-1,"j":45,"k":-1},{"p":2,"c":3,"r":15,"n":19,"t":1,"i":3,"e":45,"f":-1,"g":45,"h":-1,"j":45,"k":-1},{"p":2,"c":3,"r":16,"n":20,"t":1,"i":3,"e":45,"f":-1,"g":45,"h":-1,"j":45,"k":-1},{"p":2,"c":3,"r":17,"n":19,"t":1,"i":3,"e":45,"f":-1,"g":45,"h":-1,"j":45,"k":-1},{"p":2,"c":3,"r":18,"n":19,"t":1,"i":3,"e":45,"f":-1,"g":45,"h":-1,"j":45,"k":-1},{"p":2,"c":3,"r":19,"n":20,"t":1,"i":3,"e":45,"f":-1,"g":45,"h":-1,"j":45,"k":-1},{"p":2,"c":3,"r":20,"n":20,"t":1,"i":3,"e":45,"f":-1,"g":45,"h":-1,"j":45,"k":-1},{"p":2,"c":3,"r":21,"n":20,"t":1,"i":3,"e":45,"f":-1,"g":45,"h":-1,"j":45,"k":-1},{"p":2,"c":3,"r":22,"n":19,"t":1,"i":3,"e":45,"f":-1,"g":45,"h":-1,"j":45,"k":-1},{"p":2,"c":3,"r":23,"n":19,"t":1,"i":3,"e":45,"f":-1,"g":45,"h":-1,"j":45,"k":-1},{"p":2,"c":3,"r":24,"n":19,"t":1,"i":3,"e":45,"f":-1,"g":45,"h":-1,"j":45,"k":-1},{"p":2,"c":3,"r":25,"n":19,"t":1,"i":3,"e":45,"f":-1,"g":45,"h":-1,"j":45,"k":-1},{"p":2,"c":3,"r":26,"n":19,"t":1,"i":3,"e":45,"f":-1,"g":45,"h":-1,"j":45,"k":-1},{"p":2,"c":3,"r":27,"n":19,"t":1,"i":3,"e":45,"f":-1,"g":45,"h":-1,"j":45,"k":-1},{"p":2,"c":3,"r":28,"n":20,"t":1,"i":3,"e":45,"f":-1,"g":45,"h":-1,"j":45,"k":-1},{"p":2,"c":3,"r":29,"n":20,"t":1,"i":3,"e":45,"f":-1,"g":45,"h":-1,"j":45,"k":-1},{"p":2,"c":3,"r":30,"n":20,"t":1,"i":3,"e":45,"f":-1,"g":45,"h":-1,"j":45,"k":-1},{"p":2,"c":3,"r":31,"n":19,"t":1,"i":3,"e":45,"f":-1,"g":45,"h":-1,"j":45,"k":-1},{"p":2,"c":4,"r":0,"n":72,"t":1,"i":4,"e":45,"f":-1,"g":45,"h":-1,"j":45,"k":-1},{"p":2,"c":4,"r":1,"n":72,"t":1,"i":4,"e":45,"f":-1,"g":45,"h":-1,"j":45,"k":-1},{"p":2,"c":4,"r":2,"n":72,"t":1,"i":4,"e":45,"f":-1,"g":45,"h":-1,"j":45,"k":-1},{"p":2,"c":4,"r":3,"n":72,"t":1,"i":4,"e":45,"f":-1,"g":45,"h":-1,"j":45,"k":-1},{"p":2,"c":4,"r":4,"n":72,"t":1,"i":4,"e":45,"f":-1,"g":45,"h":-1,"j":45,"k":-1},{"p":2,"c":4,"r":5,"n":72,"t":1,"i":4,"e":45,"f":-1,"g":45,"h":-1,"j":45,"k":-1},{"p":2,"c":4,"r":6,"n":72,"t":1,"i":4,"e":45,"f":-1,"g":45,"h":-1,"j":45,"k":-1},{"p":2,"c":4,"r":7,"n":72,"t":1,"i":4,"e":45,"f":-1,"g":45,"h":-1,"j":45,"k":-1},{"p":2,"c":4,"r":8,"n":72,"t":1,"i":4,"e":45,"f":-1,"g":45,"h":-1,"j":45,"k":-1},{"p":2,"c":4,"r":9,"n":72,"t":1,"i":4,"e":45,"f":-1,"g":45,"h":-1,"j":45,"k":-1},{"p":2,"c":4,"r":10,"n":72,"t":1,"i":4,"e":45,"f":-1,"g":45,"h":-1,"j":45,"k":-1},{"p":2,"c":4,"r":11,"n":72,"t":1,"i":4,"e":45,"f":-1,"g":45,"h":-1,"j":45,"k":-1},{"p":2,"c":4,"r":12,"n":72,"t":1,"i":4,"e":45,"f":-1,"g":45,"h":-1,"j":45,"k":-1},{"p":2,"c":4,"r":13,"n":72,"t":1,"i":4,"e":45,"f":-1,"g":45,"h":-1,"j":45,"k":-1},{"p":2,"c":4,"r":14,"n":72,"t":1,"i":4,"e":45,"f":-1,"g":45,"h":-1,"j":45,"k":-1},{"p":2,"c":4,"r":15,"n":72,"t":1,"i":4,"e":45,"f":-1,"g":45,"h":-1,"j":45,"k":-1},{"p":2,"c":4,"r":16,"n":72,"t":1,"i":4,"e":45,"f":-1,"g":45,"h":-1,"j":45,"k":-1},{"p":2,"c":4,"r":17,"n":72,"t":1,"i":4,"e":45,"f":-1,"g":45,"h":-1,"j":45,"k":-1},{"p":2,"c":4,"r":18,"n":72,"t":1,"i":4,"e":45,"f":-1,"g":45,"h":-1,"j":45,"k":-1},{"p":2,"c":4,"r":19,"n":72,"t":1,"i":4,"e":45,"f":-1,"g":45,"h":-1,"j":45,"k":-1},{"p":2,"c":4,"r":20,"n":72,"t":1,"i":4,"e":45,"f":-1,"g":45,"h":-1,"j":45,"k":-1},{"p":2,"c":4,"r":21,"n":72,"t":1,"i":4,"e":45,"f":-1,"g":45,"h":-1,"j":45,"k":-1},{"p":2,"c":4,"r":22,"n":72,"t":1,"i":4,"e":45,"f":-1,"g":45,"h":-1,"j":45,"k":-1},{"p":2,"c":4,"r":23,"n":72,"t":1,"i":4,"e":45,"f":-1,"g":45,"h":-1,"j":45,"k":-1},{"p":2,"c":4,"r":24,"n":72,"t":1,"i":4,"e":45,"f":-1,"g":45,"h":-1,"j":45,"k":-1},{"p":2,"c":4,"r":25,"n":72,"t":1,"i":4,"e":45,"f":-1,"g":45,"h":-1,"j":45,"k":-1},{"p":2,"c":4,"r":26,"n":72,"t":1,"i":4,"e":45,"f":-1,"g":45,"h":-1,"j":45,"k":-1},{"p":2,"c":4,"r":27,"n":72,"t":1,"i":4,"e":45,"f":-1,"g":45,"h":-1,"j":45,"k":-1},{"p":2,"c":4,"r":28,"n":72,"t":1,"i":4,"e":45,"f":-1,"g":45,"h":-1,"j":45,"k":-1},{"p":2,"c":4,"r":29,"n":72,"t":1,"i":4,"e":45,"f":-1,"g":45,"h":-1,"j":45,"k":-1},{"p":2,"c":4,"r":30,"n":72,"t":1,"i":4,"e":45,"f":-1,"g":45,"h":-1,"j":45,"k":-1},{"p":2,"c":4,"r":31,"n":72,"t":1,"i":4,"e":45,"f":-1,"g":45,"h":-1,"j":45,"k":-1},{"p":3,"c":0,"r":0,"n":48,"t":1,"i":0,"e":45,"f":-1,"g":45,"h":-1,"j":45,"k":-1},{"p":3,"c":0,"r":2,"n":48,"t":1,"i":0,"e":45,"f":-1,"g":45,"h":-1,"j":45,"k":-1},{"p":3,"c":0,"r":6,"n":48,"t":1,"i":0,"e":45,"f":-1,"g":45,"h":-1,"j":45,"k":-1},{"p":3,"c":0,"r":7,"n":48,"t":1,"i":0,"e":45,"f":-1,"g":45,"h":-1,"j":45,"k":-1},{"p":3,"c":0,"r":8,"n":48,"t":1,"i":0,"e":45,"f":-1,"g":45,"h":-1,"j":45,"k":-1},{"p":3,"c":0,"r":9,"n":48,"t":1,"i":0,"e":45,"f":-1,"g":45,"h":-1,"j":45,"k":-1},{"p":3,"c":0,"r":10,"n":48,"t":1,"i":0,"e":45,"f":-1,"g":45,"h":-1,"j":45,"k":-1},{"p":3,"c":0,"r":11,"n":48,"t":1,"i":0,"e":45,"f":-1,"g":45,"h":-1,"j":45,"k":-1},{"p":3,"c":0,"r":12,"n":60,"t":1,"i":0,"e":45,"f":-1,"g":45,"h":-1,"j":45,"k":-1},{"p":3,"c":0,"r":16,"n":48,"t":1,"i":0,"e":45,"f":-1,"g":45,"h":-1,"j":45,"k":-1},{"p":3,"c":0,"r":19,"n":48,"t":1,"i":0,"e":45,"f":-1,"g":45,"h":-1,"j":45,"k":-1},{"p":3,"c":0,"r":22,"n":48,"t":1,"i":0,"e":45,"f":-1,"g":45,"h":-1,"j":45,"k":-1},{"p":3,"c":0,"r":25,"n":48,"t":1,"i":0,"e":45,"f":-1,"g":45,"h":-1,"j":45,"k":-1},{"p":3,"c":0,"r":28,"n":48,"t":1,"i":0,"e":45,"f":-1,"g":45,"h":-1,"j":45,"k":-1},{"p":3,"c":0,"r":30,"n":60,"t":1,"i":0,"e":45,"f":-1,"g":45,"h":-1,"j":45,"k":-1},{"p":3,"c":2,"r":0,"n":17,"t":1,"i":3,"e":45,"f":-1,"g":45,"h":-1,"j":45,"k":-1},{"p":3,"c":2,"r":2,"n":17,"t":1,"i":3,"e":45,"f":-1,"g":45,"h":-1,"j":45,"k":-1},{"p":3,"c":2,"r":6,"n":17,"t":1,"i":3,"e":45,"f":-1,"g":45,"h":-1,"j":45,"k":-1},{"p":3,"c":2,"r":7,"n":17,"t":1,"i":3,"e":45,"f":-1,"g":45,"h":-1,"j":45,"k":-1},{"p":3,"c":2,"r":8,"n":17,"t":1,"i":3,"e":45,"f":-1,"g":45,"h":-1,"j":45,"k":-1},{"p":3,"c":2,"r":9,"n":17,"t":1,"i":3,"e":45,"f":-1,"g":45,"h":-1,"j":45,"k":-1},{"p":3,"c":2,"r":10,"n":17,"t":1,"i":3,"e":45,"f":-1,"g":45,"h":-1,"j":45,"k":-1},{"p":3,"c":2,"r":11,"n":17,"t":1,"i":3,"e":45,"f":-1,"g":45,"h":-1,"j":45,"k":-1},{"p":3,"c":2,"r":12,"n":17,"t":1,"i":3,"e":45,"f":-1,"g":45,"h":-1,"j":45,"k":-1},{"p":3,"c":2,"r":16,"n":20,"t":1,"i":3,"e":45,"f":-1,"g":45,"h":-1,"j":45,"k":-1},{"p":3,"c":2,"r":19,"n":20,"t":1,"i":3,"e":45,"f":-1,"g":45,"h":-1,"j":45,"k":-1},{"p":3,"c":2,"r":22,"n":20,"t":1,"i":3,"e":45,"f":-1,"g":45,"h":-1,"j":45,"k":-1},{"p":3,"c":2,"r":25,"n":20,"t":1,"i":3,"e":45,"f":-1,"g":45,"h":-1,"j":45,"k":-1},{"p":3,"c":2,"r":28,"n":20,"t":1,"i":3,"e":45,"f":-1,"g":45,"h":-1,"j":45,"k":-1},{"p":3,"c":2,"r":30,"n":20,"t":1,"i":3,"e":45,"f":-1,"g":45,"h":-1,"j":45,"k":-1},{"p":3,"c":3,"r":0,"n":24,"t":1,"i":3,"e":45,"f":-1,"g":45,"h":-1,"j":45,"k":-1},{"p":3,"c":3,"r":2,"n":24,"t":1,"i":3,"e":45,"f":-1,"g":45,"h":-1,"j":45,"k":-1},{"p":3,"c":3,"r":6,"n":24,"t":1,"i":3,"e":45,"f":-1,"g":45,"h":-1,"j":45,"k":-1},{"p":3,"c":3,"r":7,"n":24,"t":1,"i":3,"e":45,"f":-1,"g":45,"h":-1,"j":45,"k":-1},{"p":3,"c":3,"r":8,"n":24,"t":1,"i":3,"e":45,"f":-1,"g":45,"h":-1,"j":45,"k":-1},{"p":3,"c":3,"r":9,"n":24,"t":1,"i":3,"e":45,"f":-1,"g":45,"h":-1,"j":45,"k":-1},{"p":3,"c":3,"r":10,"n":24,"t":1,"i":3,"e":45,"f":-1,"g":45,"h":-1,"j":45,"k":-1},{"p":3,"c":3,"r":11,"n":24,"t":1,"i":3,"e":45,"f":-1,"g":45,"h":-1,"j":45,"k":-1},{"p":3,"c":3,"r":12,"n":24,"t":1,"i":3,"e":45,"f":-1,"g":45,"h":-1,"j":45,"k":-1},{"p":3,"c":3,"r":16,"n":27,"t":1,"i":3,"e":45,"f":-1,"g":45,"h":-1,"j":45,"k":-1},{"p":3,"c":3,"r":19,"n":27,"t":1,"i":3,"e":45,"f":-1,"g":45,"h":-1,"j":45,"k":-1},{"p":3,"c":3,"r":22,"n":27,"t":1,"i":3,"e":45,"f":-1,"g":45,"h":-1,"j":45,"k":-1},{"p":3,"c":3,"r":25,"n":27,"t":1,"i":3,"e":45,"f":-1,"g":45,"h":-1,"j":45,"k":-1},{"p":3,"c":3,"r":28,"n":27,"t":1,"i":3,"e":45,"f":-1,"g":45,"h":-1,"j":45,"k":-1},{"p":3,"c":3,"r":30,"n":27,"t":1,"i":3,"e":45,"f":-1,"g":45,"h":-1,"j":45,"k":-1},{"p":4,"c":0,"r":0,"n":48,"t":1,"i":0,"e":45,"f":-1,"g":45,"h":-1,"j":45,"k":-1},{"p":4,"c":0,"r":2,"n":48,"t":1,"i":0,"e":45,"f":-1,"g":45,"h":-1,"j":45,"k":-1},{"p":4,"c":0,"r":6,"n":48,"t":1,"i":0,"e":45,"f":-1,"g":45,"h":-1,"j":45,"k":-1},{"p":4,"c":0,"r":7,"n":48,"t":1,"i":0,"e":45,"f":-1,"g":45,"h":-1,"j":45,"k":-1},{"p":4,"c":0,"r":8,"n":48,"t":1,"i":0,"e":45,"f":-1,"g":45,"h":-1,"j":45,"k":-1},{"p":4,"c":0,"r":9,"n":48,"t":1,"i":0,"e":45,"f":-1,"g":45,"h":-1,"j":45,"k":-1},{"p":4,"c":0,"r":10,"n":48,"t":1,"i":0,"e":45,"f":-1,"g":45,"h":-1,"j":45,"k":-1},{"p":4,"c":0,"r":11,"n":48,"t":1,"i":0,"e":45,"f":-1,"g":45,"h":-1,"j":45,"k":-1},{"p":4,"c":0,"r":12,"n":60,"t":1,"i":0,"e":45,"f":-1,"g":45,"h":-1,"j":45,"k":-1},{"p":4,"c":0,"r":16,"n":48,"t":1,"i":0,"e":45,"f":-1,"g":45,"h":-1,"j":45,"k":-1},{"p":4,"c":0,"r":19,"n":48,"t":1,"i":0,"e":45,"f":-1,"g":45,"h":-1,"j":45,"k":-1},{"p":4,"c":0,"r":22,"n":48,"t":1,"i":0,"e":45,"f":-1,"g":45,"h":-1,"j":45,"k":-1},{"p":4,"c":0,"r":26,"n":48,"t":1,"i":0,"e":45,"f":-1,"g":45,"h":-1,"j":45,"k":-1},{"p":4,"c":0,"r":30,"n":48,"t":1,"i":0,"e":45,"f":-1,"g":45,"h":-1,"j":45,"k":-1},{"p":4,"c":2,"r":0,"n":17,"t":1,"i":3,"e":45,"f":-1,"g":45,"h":-1,"j":45,"k":-1},{"p":4,"c":2,"r":2,"n":17,"t":1,"i":3,"e":45,"f":-1,"g":45,"h":-1,"j":45,"k":-1},{"p":4,"c":2,"r":6,"n":18,"t":1,"i":3,"e":45,"f":-1,"g":45,"h":-1,"j":45,"k":-1},{"p":4,"c":2,"r":7,"n":18,"t":1,"i":3,"e":45,"f":-1,"g":45,"h":-1,"j":45,"k":-1},{"p":4,"c":2,"r":8,"n":18,"t":1,"i":3,"e":45,"f":-1,"g":45,"h":-1,"j":45,"k":-1},{"p":4,"c":2,"r":9,"n":18,"t":1,"i":3,"e":45,"f":-1,"g":45,"h":-1,"j":45,"k":-1},{"p":4,"c":2,"r":10,"n":18,"t":1,"i":3,"e":45,"f":-1,"g":45,"h":-1,"j":45,"k":-1},{"p":4,"c":2,"r":11,"n":18,"t":1,"i":3,"e":45,"f":-1,"g":45,"h":-1,"j":45,"k":-1},{"p":4,"c":2,"r":12,"n":18,"t":1,"i":3,"e":45,"f":-1,"g":45,"h":-1,"j":45,"k":-1},{"p":4,"c":2,"r":16,"n":20,"t":1,"i":3,"e":45,"f":-1,"g":45,"h":-1,"j":45,"k":-1},{"p":4,"c":2,"r":19,"n":20,"t":1,"i":3,"e":45,"f":-1,"g":45,"h":-1,"j":45,"k":-1},{"p":4,"c":2,"r":22,"n":21,"t":1,"i":3,"e":45,"f":-1,"g":45,"h":-1,"j":45,"k":-1},{"p":4,"c":2,"r":26,"n":21,"t":1,"i":3,"e":45,"f":-1,"g":45,"h":-1,"j":45,"k":-1},{"p":4,"c":2,"r":30,"n":21,"t":1,"i":3,"e":45,"f":-1,"g":45,"h":-1,"j":45,"k":-1},{"p":4,"c":3,"r":0,"n":24,"t":1,"i":3,"e":45,"f":-1,"g":45,"h":-1,"j":45,"k":-1},{"p":4,"c":3,"r":2,"n":24,"t":1,"i":3,"e":45,"f":-1,"g":45,"h":-1,"j":45,"k":-1},{"p":4,"c":3,"r":6,"n":25,"t":1,"i":3,"e":45,"f":-1,"g":45,"h":-1,"j":45,"k":-1},{"p":4,"c":3,"r":7,"n":25,"t":1,"i":3,"e":45,"f":-1,"g":45,"h":-1,"j":45,"k":-1},{"p":4,"c":3,"r":8,"n":25,"t":1,"i":3,"e":45,"f":-1,"g":45,"h":-1,"j":45,"k":-1},{"p":4,"c":3,"r":9,"n":25,"t":1,"i":3,"e":45,"f":-1,"g":45,"h":-1,"j":45,"k":-1},{"p":4,"c":3,"r":10,"n":25,"t":1,"i":3,"e":45,"f":-1,"g":45,"h":-1,"j":45,"k":-1},{"p":4,"c":3,"r":11,"n":25,"t":1,"i":3,"e":45,"f":-1,"g":45,"h":-1,"j":45,"k":-1},{"p":4,"c":3,"r":12,"n":25,"t":1,"i":3,"e":45,"f":-1,"g":45,"h":-1,"j":45,"k":-1},{"p":4,"c":3,"r":16,"n":27,"t":1,"i":3,"e":45,"f":-1,"g":45,"h":-1,"j":45,"k":-1},{"p":4,"c":3,"r":19,"n":27,"t":1,"i":3,"e":45,"f":-1,"g":45,"h":-1,"j":45,"k":-1},{"p":4,"c":3,"r":22,"n":28,"t":1,"i":3,"e":45,"f":-1,"g":45,"h":-1,"j":45,"k":-1},{"p":4,"c":3,"r":26,"n":28,"t":1,"i":3,"e":45,"f":-1,"g":45,"h":-1,"j":45,"k":-1},{"p":4,"c":3,"r":30,"n":28,"t":1,"i":3,"e":45,"f":-1,"g":45,"h":-1,"j":45,"k":-1}],"instrument_effects":[{"i_l":0,"r":0,"e":57,"f":9,"g":48,"h":0,"j":48,"k":0},{"i_l":0,"r":1,"e":70,"f":15,"g":55,"h":7,"j":53,"k":5},{"i_l":1,"r":0,"e":57,"f":9,"g":49,"h":1,"j":48,"k":0},{"i_l":1,"r":1,"e":70,"f":15,"g":52,"h":4,"j":54,"k":6},{"i_l":2,"r":0,"e":57,"f":9,"g":49,"h":1,"j":48,"k":0},{"i_l":2,"r":1,"e":70,"f":15,"g":52,"h":4,"j":54,"k":6},{"i_l":3,"r":0,"e":54,"f":6,"g":65,"h":10,"j":55,"k":7},{"i_l":3,"r":1,"e":48,"f":0,"g":67,"h":12,"j":48,"k":0},{"i_l":4,"r":0,"e":45,"f":-1,"g":45,"h":-1,"j":45,"k":-1},{"i_l":5,"r":0,"e":45,"f":-1,"g":45,"h":-1,"j":45,"k":-1},{"i_l":5,"r":1,"e":45,"f":-1,"g":45,"h":-1,"j":45,"k":-1}],"patterns_and_voices":[5,0,0,0,0,0,0,0,0,0,0,0,0,0,0,0,0,0,0,0,0,0,0,0,0,0,0,0,0,0,0,0,0,0,0,0,0,0,0,0,0,0,0,0,1,0,0,0,0,0,0,0,0,0,0,0,0,0,0,0,0,0,0,0,0,0,1,0,0,0,0,0,0,0,0,0,0,0,0,0,0,0,0,0,0,0,0,0,4,0,0,0,0,0,0,0,0,0,0,0,0,0,0,0,0,0,0,0,0,0,2,0,0,0,0,0,0,0,0,0,0,0,0,0,0,0,0,0,0,0,0,0],"patterns":[0,1,2,0,1,3,4,0,0,0,0,0,0,0,0,0,0,0,0,0,0,0,0,0,0,0,0,0,0,0,0,0,0,0,0,0,0,0,0,0,0,0,0,0,0,0,0,0,0,0,0,0,0,0,0,0,0,0,0,0,0,0,0,0,0,1,2,0,1,3,4,0,0,0,0,0,0,0,0,0,0,0,0,0,0,0,0,0,0,0,0,0,0,0,0,0,0,0,0,0,0,0,0,0,0,0,0,0,0,0,0,0,0,0,0,0,0,0,0,0,0,0,0,0,0,0,0,0,0,1,2,0,1,3,4,0,0,0,0,0,0,0,0,0,0,0,0,0,0,0,0,0,0,0,0,0,0,0,0,0,0,0,0,0,0,0,0,0,0,0,0,0,0,0,0,0,0,0,0,0,0,0,0,0,0,0,0,0,0,0,0,0,0,1,2,0,1,3,4,0,0,0,0,0,0,0,0,0,0,0,0,0,0,0,0,0,0,0,0,0,0,0,0,0,0,0,0,0,0,0,0,0,0,0,0,0,0,0,0,0,0,0,0,0,0,0,0,0,0,0,0,0,0,0,0,0,0,0,2,0,1,3,4,0,0,0,0,0,0,0,0,0,0,0,0,0,0,0,0,0,0,0,0,0,0,0,0,0,0,0,0,0,0,0,0,0,0,0,0,0,0,0,0,0,0,0,0,0,0,0,0,0,0,0,0,0,0,0,0,0,0,1,2,0,1,3,4,0,0,0,0,0,0,0,0,0,0,0,0,0,0,0,0,0,0,0,0,0,0,0,0,0,0,0,0,0,0,0,0,0,0,0,0,0,0,0,0,0,0,0,0,0,0,0,0,0,0,0,0,0,0,0,0,0],"active_tracks":[1,1,1,1,1,1,1,0,0,0,0,0,0,0,0,0,0,0,0,0,0,0,0,0,0,0,0,0,0,0,0,0,0,0,0,0,0,0,0,0,0,0,0,0,0,0,0,0,0,0,0,0,0,0,0,0,0,0,0,0,0,0,0,0],"muted_voices":[0,0,0,0,0,0],"instruments_adsr":[[{"a":0,"p":0},{"a":0.807600,"p":0},{"a":0.416800,"p":0.123600},{"a":0,"p":0.173200},{"a":0,"p":0.900000}],[{"a":0,"p":0},{"a":0.800000,"p":0.001000},{"a":0,"p":0.150000},{"a":0,"p":0.600000},{"a":0,"p":0.900000}],[{"a":0,"p":0},{"a":0.800000,"p":0.001000},{"a":0,"p":0.019200},{"a":0,"p":0.600000},{"a":0,"p":0.900000}],[{"a":0,"p":0},{"a":0.822000,"p":0.001000},{"a":0.176000,"p":0.062800},{"a":0,"p":0.267200},{"a":0,"p":0.900000}],[{"a":0,"p":0},{"a":0.692000,"p":0},{"a":0,"p":0.044800},{"a":0,"p":0.600000},{"a":0,"p":0.900000}],[{"a":0,"p":0},{"a":0.678400,"p":0.001000},{"a":0,"p":0.083600},{"a":0,"p":0.600000},{"a":0,"p":0.900000}],[{"a":0,"p":0},{"a":0.800000,"p":0.001000},{"a":0,"p":0.150000},{"a":0,"p":0.600000},{"a":0,"p":0.900000}],[{"a":0,"p":0},{"a":0.800000,"p":0.001000},{"a":0,"p":0.150000},{"a":0,"p":0.600000},{"a":0,"p":0.900000}],[{"a":0,"p":0},{"a":0.800000,"p":0.001000},{"a":0,"p":0.150000},{"a":0,"p":0.600000},{"a":0,"p":0.900000}],[{"a":0,"p":0},{"a":0.800000,"p":0.001000},{"a":0,"p":0.150000},{"a":0,"p":0.600000},{"a":0,"p":0.900000}],[{"a":0,"p":0},{"a":0.800000,"p":0.001000},{"a":0,"p":0.150000},{"a":0,"p":0.600000},{"a":0,"p":0.900000}],[{"a":0,"p":0},{"a":0.800000,"p":0.001000},{"a":0,"p":0.150000},{"a":0,"p":0.600000},{"a":0,"p":0.900000}],[{"a":0,"p":0},{"a":0.800000,"p":0.001000},{"a":0,"p":0.150000},{"a":0,"p":0.600000},{"a":0,"p":0.900000}],[{"a":0,"p":0},{"a":0.800000,"p":0.001000},{"a":0,"p":0.150000},{"a":0,"p":0.600000},{"a":0,"p":0.900000}],[{"a":0,"p":0},{"a":0.800000,"p":0.001000},{"a":0,"p":0.150000},{"a":0,"p":0.600000},{"a":0,"p":0.900000}],[{"a":0,"p":0},{"a":0.800000,"p":0.001000},{"a":0,"p":0.150000},{"a":0,"p":0.600000},{"a":0,"p":0.900000}]],"custom_table":{"i":[{"a":0,"p":0.200000},{"a":0.768000,"p":0.396800},{"a":-0.904000,"p":0.662400},{"a":0.655200,"p":0.943200},{"a":0,"p":1}]},"tempo":[{"x":0,"y":0,"b":183},{"x":0,"y":1,"t":4,"a":1},{"x":0,"y":2,"t":4,"a":1},{"x":0,"y":3,"t":4,"a":1},{"x":0,"y":4,"t":4,"a":1},{"x":0,"y":5,"t":1,"a":0},{"x":0,"y":6,"t":1,"a":0},{"x":0,"y":7,"t":1,"a":0},{"x":0,"y":8,"t":1,"a":0},{"x":0,"y":9,"t":1,"a":0},{"x":0,"y":10,"t":1,"a":0},{"x":0,"y":11,"t":1,"a":0},{"x":0,"y":12,"t":1,"a":0},{"x":0,"y":13,"t":1,"a":0},{"x":0,"y":14,"t":1,"a":0},{"x":0,"y":15,"t":1,"a":0},{"x":0,"y":16,"t":1,"a":0},{"x":1,"y":0,"b":120},{"x":1,"y":1,"t":4,"a":1},{"x":1,"y":2,"t":1,"a":0},{"x":1,"y":3,"t":1,"a":0},{"x":1,"y":4,"t":1,"a":0},{"x":1,"y":5,"t":1,"a":0},{"x":1,"y":6,"t":1,"a":0},{"x":1,"y":7,"t":1,"a":0},{"x":1,"y":8,"t":1,"a":0},{"x":1,"y":9,"t":1,"a":0},{"x":1,"y":10,"t":1,"a":0},{"x":1,"y":11,"t":1,"a":0},{"x":1,"y":12,"t":1,"a":0},{"x":1,"y":13,"t":1,"a":0},{"x":1,"y":14,"t":1,"a":0},{"x":1,"y":15,"t":1,"a":0},{"x":1,"y":16,"t":1,"a":0},{"x":2,"y":0,"b":120},{"x":2,"y":1,"t":4,"a":1},{"x":2,"y":2,"t":1,"a":0},{"x":2,"y":3,"t":1,"a":0},{"x":2,"y":4,"t":1,"a":0},{"x":2,"y":5,"t":1,"a":0},{"x":2,"y":6,"t":1,"a":0},{"x":2,"y":7,"t":1,"a":0},{"x":2,"y":8,"t":1,"a":0},{"x":2,"y":9,"t":1,"a":0},{"x":2,"y":10,"t":1,"a":0},{"x":2,"y":11,"t":1,"a":0},{"x":2,"y":12,"t":1,"a":0},{"x":2,"y":13,"t":1,"a":0},{"x":2,"y":14,"t":1,"a":0},{"x":2,"y":15,"t":1,"a":0},{"x":2,"y":16,"t":1,"a":0},{"x":3,"y":0,"b":120},{"x":3,"y":1,"t":4,"a":1},{"x":3,"y":2,"t":1,"a":0},{"x":3,"y":3,"t":1,"a":0},{"x":3,"y":4,"t":1,"a":0},{"x":3,"y":5,"t":1,"a":0},{"x":3,"y":6,"t":1,"a":0},{"x":3,"y":7,"t":1,"a":0},{"x":3,"y":8,"t":1,"a":0},{"x":3,"y":9,"t":1,"a":0},{"x":3,"y":10,"t":1,"a":0},{"x":3,"y":11,"t":1,"a":0},{"x":3,"y":12,"t":1,"a":0},{"x":3,"y":13,"t":1,"a":0},{"x":3,"y":14,"t":1,"a":0},{"x":3,"y":15,"t":1,"a":0},{"x":3,"y":16,"t":1,"a":0},{"x":4,"y":0,"b":120},{"x":4,"y":1,"t":4,"a":1},{"x":4,"y":2,"t":1,"a":0},{"x":4,"y":3,"t":1,"a":0},{"x":4,"y":4,"t":1,"a":0},{"x":4,"y":5,"t":1,"a":0},{"x":4,"y":6,"t":1,"a":0},{"x":4,"y":7,"t":1,"a":0},{"x":4,"y":8,"t":1,"a":0},{"x":4,"y":9,"t":1,"a":0},{"x":4,"y":10,"t":1,"a":0},{"x":4,"y":11,"t":1,"a":0},{"x":4,"y":12,"t":1,"a":0},{"x":4,"y":13,"t":1,"a":0},{"x":4,"y":14,"t":1,"a":0},{"x":4,"y":15,"t":1,"a":0},{"x":4,"y":16,"t":1,"a":0},{"x":5,"y":0,"b":120},{"x":5,"y":1,"t":4,"a":1},{"x":5,"y":2,"t":1,"a":0},{"x":5,"y":3,"t":1,"a":0},{"x":5,"y":4,"t":1,"a":0},{"x":5,"y":5,"t":1,"a":0},{"x":5,"y":6,"t":1,"a":0},{"x":5,"y":7,"t":1,"a":0},{"x":5,"y":8,"t":1,"a":0},{"x":5,"y":9,"t":1,"a":0},{"x":5,"y":10,"t":1,"a":0},{"x":5,"y":11,"t":1,"a":0},{"x":5,"y":12,"t":1,"a":0},{"x":5,"y":13,"t":1,"a":0},{"x":5,"y":14,"t":1,"a":0},{"x":5,"y":15,"t":1,"a":0},{"x":5,"y":16,"t":1,"a":0}],"wavetable":[{"x":0,"y":0,"s":88},{"x":0,"y":1,"v":1,"a":0},{"x":0,"y":2,"v":4,"a":1},{"x":0,"y":3,"v":5,"a":1},{"x":0,"y":4,"v":3,"a":1},{"x":0,"y":5,"v":2,"a":1},{"x":0,"y":6,"v":1,"a":0},{"x":0,"y":7,"v":1,"a":0},{"x":0,"y":8,"v":1,"a":0},{"x":0,"y":9,"v":1,"a":0},{"x":0,"y":10,"v":1,"a":0},{"x":0,"y":11,"v":1,"a":0},{"x":0,"y":12,"v":1,"a":0},{"x":0,"y":13,"v":1,"a":0},{"x":0,"y":14,"v":1,"a":0},{"x":0,"y":15,"v":1,"a":0},{"x":0,"y":16,"v":1,"a":0},{"x":0,"y":17,"v":1,"a":0},{"x":1,"y":0,"s":50},{"x":1,"y":1,"v":1,"a":0},{"x":1,"y":2,"v":1,"a":1},{"x":1,"y":3,"v":1,"a":0},{"x":1,"y":4,"v":1,"a":0},{"x":1,"y":5,"v":1,"a":0},{"x":1,"y":6,"v":1,"a":0},{"x":1,"y":7,"v":1,"a":0},{"x":1,"y":8,"v":1,"a":0},{"x":1,"y":9,"v":1,"a":0},{"x":1,"y":10,"v":1,"a":0},{"x":1,"y":11,"v":1,"a":0},{"x":1,"y":12,"v":1,"a":0},{"x":1,"y":13,"v":1,"a":0},{"x":1,"y":14,"v":1,"a":0},{"x":1,"y":15,"v":1,"a":0},{"x":1,"y":16,"v":1,"a":0},{"x":1,"y":17,"v":1,"a":0},{"x":2,"y":0,"s":50},{"x":2,"y":1,"v":1,"a":0},{"x":2,"y":2,"v":4,"a":1},{"x":2,"y":3,"v":2,"a":1},{"x":2,"y":4,"v":4,"a":1},{"x":2,"y":5,"v":3,"a":1},{"x":2,"y":6,"v":4,"a":1},{"x":2,"y":7,"v":1,"a":0},{"x":2,"y":8,"v":1,"a":0},{"x":2,"y":9,"v":1,"a":0},{"x":2,"y":10,"v":1,"a":0},{"x":2,"y":11,"v":1,"a":0},{"x":2,"y":12,"v":1,"a":0},{"x":2,"y":13,"v":1,"a":0},{"x":2,"y":14,"v":1,"a":0},{"x":2,"y":15,"v":1,"a":0},{"x":2,"y":16,"v":1,"a":0},{"x":2,"y":17,"v":1,"a":0},{"x":3,"y":0,"s":50},{"x":3,"y":1,"v":1,"a":0},{"x":3,"y":2,"v":1,"a":1},{"x":3,"y":3,"v":1,"a":0},{"x":3,"y":4,"v":1,"a":0},{"x":3,"y":5,"v":1,"a":0},{"x":3,"y":6,"v":1,"a":0},{"x":3,"y":7,"v":1,"a":0},{"x":3,"y":8,"v":1,"a":0},{"x":3,"y":9,"v":1,"a":0},{"x":3,"y":10,"v":1,"a":0},{"x":3,"y":11,"v":1,"a":0},{"x":3,"y":12,"v":1,"a":0},{"x":3,"y":13,"v":1,"a":0},{"x":3,"y":14,"v":1,"a":0},{"x":3,"y":15,"v":1,"a":0},{"x":3,"y":16,"v":1,"a":0},{"x":3,"y":17,"v":1,"a":0},{"x":4,"y":0,"s":50},{"x":4,"y":1,"v":1,"a":0},{"x":4,"y":2,"v":1,"a":1},{"x":4,"y":3,"v":1,"a":0},{"x":4,"y":4,"v":1,"a":0},{"x":4,"y":5,"v":1,"a":0},{"x":4,"y":6,"v":1,"a":0},{"x":4,"y":7,"v":1,"a":0},{"x":4,"y":8,"v":1,"a":0},{"x":4,"y":9,"v":1,"a":0},{"x":4,"y":10,"v":1,"a":0},{"x":4,"y":11,"v":1,"a":0},{"x":4,"y":12,"v":1,"a":0},{"x":4,"y":13,"v":1,"a":0},{"x":4,"y":14,"v":1,"a":0},{"x":4,"y":15,"v":1,"a":0},{"x":4,"y":16,"v":1,"a":0},{"x":4,"y":17,"v":1,"a":0},{"x":5,"y":0,"s":50},{"x":5,"y":1,"v":1,"a":0},{"x":5,"y":2,"v":1,"a":1},{"x":5,"y":3,"v":1,"a":0},{"x":5,"y":4,"v":1,"a":0},{"x":5,"y":5,"v":1,"a":0},{"x":5,"y":6,"v":1,"a":0},{"x":5,"y":7,"v":1,"a":0},{"x":5,"y":8,"v":1,"a":0},{"x":5,"y":9,"v":1,"a":0},{"x":5,"y":10,"v":1,"a":0},{"x":5,"y":11,"v":1,"a":0},{"x":5,"y":12,"v":1,"a":0},{"x":5,"y":13,"v":1,"a":0},{"x":5,"y":14,"v":1,"a":0},{"x":5,"y":15,"v":1,"a":0},{"x":5,"y":16,"v":1,"a":0},{"x":5,"y":17,"v":1,"a":0},{"x":6,"y":0,"s":50},{"x":6,"y":1,"v":1,"a":0},{"x":6,"y":2,"v":1,"a":1},{"x":6,"y":3,"v":1,"a":0},{"x":6,"y":4,"v":1,"a":0},{"x":6,"y":5,"v":1,"a":0},{"x":6,"y":6,"v":1,"a":0},{"x":6,"y":7,"v":1,"a":0},{"x":6,"y":8,"v":1,"a":0},{"x":6,"y":9,"v":1,"a":0},{"x":6,"y":10,"v":1,"a":0},{"x":6,"y":11,"v":1,"a":0},{"x":6,"y":12,"v":1,"a":0},{"x":6,"y":13,"v":1,"a":0},{"x":6,"y":14,"v":1,"a":0},{"x":6,"y":15,"v":1,"a":0},{"x":6,"y":16,"v":1,"a":0},{"x":6,"y":17,"v":1,"a":0},{"x":7,"y":0,"s":50},{"x":7,"y":1,"v":1,"a":0},{"x":7,"y":2,"v":1,"a":1},{"x":7,"y":3,"v":1,"a":0},{"x":7,"y":4,"v":1,"a":0},{"x":7,"y":5,"v":1,"a":0},{"x":7,"y":6,"v":1,"a":0},{"x":7,"y":7,"v":1,"a":0},{"x":7,"y":8,"v":1,"a":0},{"x":7,"y":9,"v":1,"a":0},{"x":7,"y":10,"v":1,"a":0},{"x":7,"y":11,"v":1,"a":0},{"x":7,"y":12,"v":1,"a":0},{"x":7,"y":13,"v":1,"a":0},{"x":7,"y":14,"v":1,"a":0},{"x":7,"y":15,"v":1,"a":0},{"x":7,"y":16,"v":1,"a":0},{"x":7,"y":17,"v":1,"a":0},{"x":8,"y":0,"s":50},{"x":8,"y":1,"v":1,"a":0},{"x":8,"y":2,"v":1,"a":1},{"x":8,"y":3,"v":1,"a":0},{"x":8,"y":4,"v":1,"a":0},{"x":8,"y":5,"v":1,"a":0},{"x":8,"y":6,"v":1,"a":0},{"x":8,"y":7,"v":1,"a":0},{"x":8,"y":8,"v":1,"a":0},{"x":8,"y":9,"v":1,"a":0},{"x":8,"y":10,"v":1,"a":0},{"x":8,"y":11,"v":1,"a":0},{"x":8,"y":12,"v":1,"a":0},{"x":8,"y":13,"v":1,"a":0},{"x":8,"y":14,"v":1,"a":0},{"x":8,"y":15,"v":1,"a":0},{"x":8,"y":16,"v":1,"a":0},{"x":8,"y":17,"v":1,"a":0},{"x":9,"y":0,"s":50},{"x":9,"y":1,"v":1,"a":0},{"x":9,"y":2,"v":1,"a":1},{"x":9,"y":3,"v":1,"a":0},{"x":9,"y":4,"v":1,"a":0},{"x":9,"y":5,"v":1,"a":0},{"x":9,"y":6,"v":1,"a":0},{"x":9,"y":7,"v":1,"a":0},{"x":9,"y":8,"v":1,"a":0},{"x":9,"y":9,"v":1,"a":0},{"x":9,"y":10,"v":1,"a":0},{"x":9,"y":11,"v":1,"a":0},{"x":9,"y":12,"v":1,"a":0},{"x":9,"y":13,"v":1,"a":0},{"x":9,"y":14,"v":1,"a":0},{"x":9,"y":15,"v":1,"a":0},{"x":9,"y":16,"v":1,"a":0},{"x":9,"y":17,"v":1,"a":0},{"x":10,"y":0,"s":50},{"x":10,"y":1,"v":1,"a":0},{"x":10,"y":2,"v":1,"a":1},{"x":10,"y":3,"v":1,"a":0},{"x":10,"y":4,"v":1,"a":0},{"x":10,"y":5,"v":1,"a":0},{"x":10,"y":6,"v":1,"a":0},{"x":10,"y":7,"v":1,"a":0},{"x":10,"y":8,"v":1,"a":0},{"x":10,"y":9,"v":1,"a":0},{"x":10,"y":10,"v":1,"a":0},{"x":10,"y":11,"v":1,"a":0},{"x":10,"y":12,"v":1,"a":0},{"x":10,"y":13,"v":1,"a":0},{"x":10,"y":14,"v":1,"a":0},{"x":10,"y":15,"v":1,"a":0},{"x":10,"y":16,"v":1,"a":0},{"x":10,"y":17,"v":1,"a":0},{"x":11,"y":0,"s":50},{"x":11,"y":1,"v":1,"a":0},{"x":11,"y":2,"v":1,"a":1},{"x":11,"y":3,"v":1,"a":0},{"x":11,"y":4,"v":1,"a":0},{"x":11,"y":5,"v":1,"a":0},{"x":11,"y":6,"v":1,"a":0},{"x":11,"y":7,"v":1,"a":0},{"x":11,"y":8,"v":1,"a":0},{"x":11,"y":9,"v":1,"a":0},{"x":11,"y":10,"v":1,"a":0},{"x":11,"y":11,"v":1,"a":0},{"x":11,"y":12,"v":1,"a":0},{"x":11,"y":13,"v":1,"a":0},{"x":11,"y":14,"v":1,"a":0},{"x":11,"y":15,"v":1,"a":0},{"x":11,"y":16,"v":1,"a":0},{"x":11,"y":17,"v":1,"a":0}]}